Block,Weight,WeightFactor,HybridEnergy,ENumer,EDenom,ETotal,E1Body,E2Body
0,1.0000000000000000e+03,1.0000000000000000e+03,0.0000000000000000e+00,-1.1113497141086732e+03,1.0000000000000000e+03,-1.1113497141086732e+00,-1.7657888081789526e+00,6.5443909407027878e-01
1,1.0021061878574005e+03,1.0000000000000000e+03,-4.2096490548178261e-01,-1.1140542455790358e+03,1.0021061878574005e+03,-1.1117127696426974e+00,-1.7657888081789519e+00,6.5407603853625462e-01
2,1.0022039469378317e+03,1.0000000000000000e+03,-4.4045043237904791e-01,-1.1145082472282788e+03,1.0022039469378317e+03,-1.1120573318769953e+00,-1.7657888081789519e+00,6.5373147630195638e-01
3,1.0021809010427365e+03,1.0000000000000000e+03,-4.3585960073751867e-01,-1.1148205948871550e+03,1.0021809010427365e+03,-1.1123945724042641e+00,-1.7657888081789517e+00,6.5339423577468758e-01
4,1.0021703134596992e+03,1.0000000000000000e+03,-4.3378948914750159e-01,-1.1150804015014862e+03,1.0021703134596992e+03,-1.1126655684421523e+00,-1.7657888081789515e+00,6.5312323973679942e-01
5,9.9999999999999989e+02,1.0021711255968828e+03,-4.3391919327241341e-01,-1.1129686116031735e+03,9.9999999999999989e+02,-1.1129686116031736e+00,-1.7657888081789517e+00,6.5282019657577828e-01
6,9.9999287067709861e+02,1.0021711255968828e+03,-4.3250359314083864e-01,-1.1133686101799854e+03,9.9999287067709861e+02,-1.1133765478009054e+00,-1.7657888081789519e+00,6.5241226037804623e-01
7,1.0000220341715085e+03,1.0021711255968828e+03,-4.3834221730568018e-01,-1.1137350602142367e+03,1.0000220341715085e+03,-1.1137105205256168e+00,-1.7657888081789521e+00,6.5207828765333531e-01
8,9.9998253824950143e+02,1.0021711255968828e+03,-4.3046779675345564e-01,-1.1139256005674697e+03,9.9998253824950143e+02,-1.1139450519980370e+00,-1.7657888081789521e+00,6.5184375618091506e-01
9,9.9996979624035544e+02,1.0021711255968828e+03,-4.2794679376395195e-01,-1.1142494397200012e+03,9.9996979624035544e+02,-1.1142830952587863e+00,-1.7657888081789517e+00,6.5150571292016535e-01
10,1.0000000000000000e+03,1.0000155640013028e+03,-4.3711638215364401e-01,-1.1145337538186441e+03,1.0000000000000000e+03,-1.1145337538186442e+00,-1.7657888081789517e+00,6.5125505436030751e-01
11,9.9990826660971163e+02,1.0000155640013028e+03,-4.1881926579523038e-01,-1.1148625619838690e+03,9.9990826660971163e+02,-1.1149648414888311e+00,-1.7657888081789519e+00,6.5082396669012077e-01
12,1.0000284222216392e+03,1.0000155640013028e+03,-4.4287112419916030e-01,-1.1153003583730238e+03,1.0000284222216392e+03,-1.1152686599599833e+00,-1.7657888081789519e+00,6.5052014821896897e-01
13,9.9997304547539784e+02,1.0000155640013028e+03,-4.3182298404190339e-01,-1.1155648935753757e+03,9.9997304547539784e+02,-1.1155949639072762e+00,-1.7657888081789517e+00,6.5019384427167515e-01
14,9.9986923078436769e+02,1.0000155640013028e+03,-4.1114704413109693e-01,-1.1157764207002865e+03,9.9986923078436769e+02,-1.1159223489905705e+00,-1.7657888081789519e+00,6.4986645918838115e-01
15,1.0000000000000000e+03,1.0000111276785490e+03,-4.3954540679431636e-01,-1.1161395494291546e+03,1.0000000000000000e+03,-1.1161395494291546e+00,-1.7657888081789519e+00,6.4964925874979751e-01
16,1.0000544298122063e+03,1.0000111276785490e+03,-4.5046158815510068e-01,-1.1165747831164258e+03,1.0000544298122063e+03,-1.1165140114684557e+00,-1.7657888081789517e+00,6.4927479671049582e-01
17,9.9994048534856984e+02,1.0000111276785490e+03,-4.2776486697175525e-01,-1.1168008025614588e+03,9.9994048534856984e+02,-1.1168672725278770e+00,-1.7657888081789517e+00,6.4892153565107458e-01
18,9.9998747567558894e+02,1.0000111276785490e+03,-4.3720347578411661e-01,-1.1173064485537818e+03,9.9998747567558894e+02,-1.1173204422374716e+00,-1.7657888081789521e+00,6.4846836594148050e-01
19,1.0000176664234878e+03,1.0000111276785490e+03,-4.4331306527364073e-01,-1.1175424297662773e+03,1.0000176664234878e+03,-1.1175226871372292e+00,-1.7657888081789519e+00,6.4826612104172265e-01
20,1.0000000000000000e+03,1.0000517128671354e+03,-4.5017588686702337e-01,-1.1175625953552280e+03,1.0000000000000000e+03,-1.1175625953552282e+00,-1.7657888081789519e+00,6.4822621282372417e-01
21,9.9988133292431144e+02,1.0000517128671354e+03,-4.2659735011556082e-01,-1.1176731883173286e+03,9.9988133292431144e+02,-1.1178058350669635e+00,-1.7657888081789519e+00,6.4798297311198816e-01
22,9.9995972425511900e+02,1.0000517128671354e+03,-4.4234749886515212e-01,-1.1179174571447945e+03,9.9995972425511900e+02,-1.1179624839165834e+00,-1.7657888081789517e+00,6.4782632426236864e-01
23,9.9986358676389818e+02,1.0000517128671354e+03,-4.2323124966490355e-01,-1.1181165694839679e+03,9.9986358676389818e+02,-1.1182691161929406e+00,-1.7657888081789519e+00,6.4751969198601134e-01
24,9.9996437392878852e+02,1.0000517128671354e+03,-4.4351147186968359e-01,-1.1184771910584973e+03,9.9996437392878852e+02,-1.1185170394261952e+00,-1.7657888081789517e+00,6.4727176875275672e-01
25,1.0000000000000000e+03,9.9996462432158523e+02,-4.4371603589992470e-01,-1.1186136393863749e+03,1.0000000000000000e+03,-1.1186136393863748e+00,-1.7657888081789517e+00,6.4717516879257675e-01
26,9.9992306430016322e+02,9.9996462432158523e+02,-4.2856453717720300e-01,-1.1188116409710278e+03,9.9992306430016322e+02,-1.1188977241504812e+00,-1.7657888081789517e+00,6.4689108402847062e-01
27,9.9990351379850767e+02,9.9996462432158523e+02,-4.2486197013314980e-01,-1.1191465301638505e+03,9.9990351379850767e+02,-1.1192545227812569e+00,-1.7657888081789521e+00,6.4653428539769520e-01
28,9.9990814141548810e+02,9.9996462432158523e+02,-4.2595864991487259e-01,-1.1193214304070646e+03,9.9990814141548810e+02,-1.1194242591349768e+00,-1.7657888081789515e+00,6.4636454904397478e-01
29,9.9987578448793352e+02,9.9996462432158523e+02,-4.1970765443170116e-01,-1.1194978769911913e+03,9.9987578448793352e+02,-1.1196369532686703e+00,-1.7657888081789519e+00,6.4615185491028160e-01
30,1.0000000000000000e+03,9.9998613521154266e+02,-4.4187390473492694e-01,-1.1197907937468872e+03,1.0000000000000000e+03,-1.1197907937468872e+00,-1.7657888081789519e+00,6.4599801443206462e-01
31,1.0000104764111302e+03,9.9998613521154266e+02,-4.4418219428666972e-01,-1.1201255547880551e+03,1.0000104764111302e+03,-1.1201138200151641e+00,-1.7657888081789519e+00,6.4567498816378788e-01
32,9.9999473947588228e+02,9.9998613521154266e+02,-4.4119186133011468e-01,-1.1203034777017492e+03,9.9999473947588228e+02,-1.1203093711162153e+00,-1.7657888081789519e+00,6.4547943706273647e-01
33,9.9995958502110102e+02,9.9998613521154266e+02,-4.3448080755738616e-01,-1.1207008298668543e+03,9.9995958502110102e+02,-1.1207461247978392e+00,-1.7657888081789519e+00,6.4504268338111237e-01
34,1.0000077354669017e+03,9.9998613521154266e+02,-4.4431020022731338e-01,-1.1209773983750363e+03,1.0000077354669017e+03,-1.1209687271585493e+00,-1.7657888081789517e+00,6.4482008102040234e-01
35,1.0000000000000000e+03,1.0000268866695305e+03,-4.4839199348532227e-01,-1.1212029876481392e+03,1.0000000000000000e+03,-1.1212029876481393e+00,-1.7657888081789519e+00,6.4458582053081270e-01
36,9.9997326144501778e+02,1.0000268866695305e+03,-4.4329968753240345e-01,-1.1211598126342167e+03,9.9997326144501778e+02,-1.1211897916291056e+00,-1.7657888081789517e+00,6.4459901654984597e-01
37,9.9993612815929396e+02,1.0000268866695305e+03,-4.3615152942257579e-01,-1.1211503135447122e+03,9.9993612815929396e+02,-1.1212219280530971e+00,-1.7657888081789521e+00,6.4456688012585517e-01
38,9.9995440671208576e+02,1.0000268866695305e+03,-4.4005048899559646e-01,-1.1213268468384670e+03,9.9995440671208576e+02,-1.1213779741473029e+00,-1.7657888081789519e+00,6.4441083403164889e-01
39,9.9998219863092879e+02,1.0000268866695305e+03,-4.4586030707650182e-01,-1.1216463138637139e+03,9.9998219863092879e+02,-1.1216662810591578e+00,-1.7657888081789519e+00,6.4412252711979412e-01
40,1.0000000000000000e+03,9.9992115812159841e+02,-4.3400794522948588e-01,-1.1217278579888900e+03,1.0000000000000000e+03,-1.1217278579888901e+00,-1.7657888081789519e+00,6.4406095019006193e-01
41,1.0000246841019086e+03,9.9992115812159841e+02,-4.3921638910278010e-01,-1.1222049544664678e+03,1.0000246841019086e+03,-1.1221772545287576e+00,-1.7657888081789519e+00,6.4361155365019440e-01
42,1.0000627230510418e+03,9.9992115812159841e+02,-4.4718593679476021e-01,-1.1223574371779828e+03,1.0000627230510418e+03,-1.1222870439104442e+00,-1.7657888081789521e+00,6.4350176426850769e-01
43,1.0000040114079568e+03,9.9992115812159841e+02,-4.3596508703002590e-01,-1.1221945677048725e+03,1.0000040114079568e+03,-1.1221900661427120e+00,-1.7657888081789515e+00,6.4359874203623946e-01
44,1.0000528018008310e+03,9.9992115812159841e+02,-4.4595946609587678e-01,-1.1223100841091418e+03,1.0000528018008310e+03,-1.1222508272444791e+00,-1.7657888081789519e+00,6.4353798093447268e-01
45,1.0000000000000001e+03,1.0000948633322469e+03,-4.5463245019245291e-01,-1.1221174183406956e+03,1.0000000000000001e+03,-1.1221174183406954e+00,-1.7657888081789517e+00,6.4367138983825645e-01
46,9.9992289550392877e+02,1.0000948633322469e+03,-4.3960069185762934e-01,-1.1220295416524605e+03,9.9992289550392877e+02,-1.1221160618459425e+00,-1.7657888081789519e+00,6.4367274633300942e-01
47,9.9996862970811139e+02,1.0000948633322469e+03,-4.4909354648240191e-01,-1.1223917213449954e+03,9.9996862970811139e+02,-1.1224269322054823e+00,-1.7657888081789517e+00,6.4336187597346950e-01
48,9.9990364015764624e+02,1.0000948633322469e+03,-4.3653880846292142e-01,-1.1225441003302608e+03,9.9990364015764624e+02,-1.1226522789268762e+00,-1.7657888081789519e+00,6.4313652925207554e-01
49,9.9994299991315688e+02,1.0000948633322469e+03,-4.4477002062203114e-01,-1.1225173545841840e+03,9.9994299991315688e+02,-1.1225813418181561e+00,-1.7657888081789519e+00,6.4320746636079595e-01
50,1.0000000000000000e+03,9.9994354405424542e+02,-4.4530206942024664e-01,-1.1227534999242748e+03,1.0000000000000000e+03,-1.1227534999242748e+00,-1.7657888081789517e+00,6.4303530825467703e-01
51,9.9994343198900253e+02,9.9994354405424542e+02,-4.3455373670017461e-01,-1.1227413276407733e+03,9.9994343198900253e+02,-1.1228048424774506e+00,-1.7657888081789521e+00,6.4298396570150129e-01
52,9.9995701727703886e+02,9.9994354405424542e+02,-4.3768902093532597e-01,-1.1227221869245602e+03,9.9995701727703886e+02,-1.1227704466556179e+00,-1.7657888081789521e+00,6.4301836152333447e-01
53,9.9993560890010281e+02,9.9994354405424542e+02,-4.3389012543443745e-01,-1.1231301230817053e+03,9.9993560890010281e+02,-1.1232024473226956e+00,-1.7657888081789517e+00,6.4258636085625631e-01
54,9.9997839695139692e+02,9.9994354405424542e+02,-4.4277889432355877e-01,-1.1232046949217065e+03,9.9997839695139692e+02,-1.1232289600915237e+00,-1.7657888081789517e+00,6.4255984808742839e-01
55,1.0000000000000000e+03,9.9995780091229369e+02,-4.3923483175253353e-01,-1.1236804257226295e+03,1.0000000000000000e+03,-1.1236804257226296e+00,-1.7657888081789519e+00,6.4210838245632229e-01
56,9.9998798874738304e+02,9.9995780091229369e+02,-4.3732370989685737e-01,-1.1236520158932631e+03,9.9998798874738304e+02,-1.1236655125235908e+00,-1.7657888081789517e+00,6.4212329565536097e-01
57,1.0000024752685944e+03,9.9995780091229369e+02,-4.4070758990949749e-01,-1.1240164828675599e+03,1.0000024752685944e+03,-1.1240137006317472e+00,-1.7657888081789519e+00,6.4177510754720479e-01
58,9.9999578284602194e+02,9.9995780091229369e+02,-4.3982940604323700e-01,-1.1240716578920851e+03,9.9999578284602194e+02,-1.1240763982953397e+00,-1.7657888081789517e+00,6.4171240988361200e-01
59,1.0000768071040740e+03,9.9995780091229369e+02,-4.5649048178765311e-01,-1.1243272166072561e+03,1.0000768071040740e+03,-1.1242408669219861e+00,-1.7657888081789519e+00,6.4154794125696557e-01
60,1.0000000000000000e+03,1.0000323873061504e+03,-4.4818106172898003e-01,-1.1247006031793067e+03,1.0000000000000000e+03,-1.1247006031793068e+00,-1.7657888081789517e+00,6.4108820499964514e-01
61,9.9987433794465437e+02,1.0000323873061504e+03,-4.2366464688189437e-01,-1.1246902057135999e+03,9.9987433794465437e+02,-1.1248315543586382e+00,-1.7657888081789519e+00,6.4095725382031388e-01
62,9.9990385339309682e+02,1.0000323873061504e+03,-4.3001502378618128e-01,-1.1248520865683790e+03,9.9990385339309682e+02,-1.1249602476790943e+00,-1.7657888081789517e+00,6.4082856049985737e-01
63,9.9992915345688107e+02,1.0000323873061504e+03,-4.3559057708367582e-01,-1.1253907917889826e+03,9.9992915345688107e+02,-1.1254705274852372e+00,-1.7657888081789521e+00,6.4031828069371466e-01
64,9.9988809908472763e+02,1.0000323873061504e+03,-4.2799276415357534e-01,-1.1257555037363818e+03,9.9988809908472763e+02,-1.1258814909057024e+00,-1.7657888081789519e+00,6.3990731727324934e-01
65,1.0000000000000000e+03,9.9999070958997379e+02,-4.4915134420312408e-01,-1.1262918152264019e+03,1.0000000000000000e+03,-1.1262918152264019e+00,-1.7657888081789517e+00,6.3949699295254958e-01
66,9.9994211689872679e+02,9.9999070958997379e+02,-4.3828463151132713e-01,-1.1262567314396410e+03,9.9994211689872679e+02,-1.1263219264457756e+00,-1.7657888081789517e+00,6.3946688173317623e-01
67,9.9994894567029212e+02,9.9999070958997379e+02,-4.4018644963721965e-01,-1.1262717565127489e+03,9.9994894567029212e+02,-1.1263292604981741e+00,-1.7657888081789521e+00,6.3945954768077795e-01
68,9.9995458852655997e+02,9.9999070958997379e+02,-4.4213812299347288e-01,-1.1263869549920141e+03,9.9995458852655997e+02,-1.1264381082062467e+00,-1.7657888081789519e+00,6.3935069997270499e-01
69,1.0000229636801977e+03,9.9999070958997379e+02,-4.5645680842935810e-01,-1.1269036824658010e+03,1.0000229636801977e+03,-1.1268778052042605e+00,-1.7657888081789519e+00,6.3891100297469161e-01
70,1.0000000000000001e+03,9.9993624189372963e+02,-4.3988334144753188e-01,-1.1265250989856584e+03,1.0000000000000001e+03,-1.1265250989856581e+00,-1.7657888081789517e+00,6.3926370919329345e-01
71,1.0000239719059609e+03,9.9993624189372963e+02,-4.4540865880292174e-01,-1.1266723030006501e+03,1.0000239719059609e+03,-1.1266452951655830e+00,-1.7657888081789517e+00,6.3914351301336869e-01
72,9.9996506035968150e+02,9.9993624189372963e+02,-4.3439069179432777e-01,-1.1269039609392476e+03,9.9996506035968150e+02,-1.1269433359340644e+00,-1.7657888081789519e+00,6.3884547224488764e-01
73,9.9994483539565965e+02,9.9993624189372963e+02,-4.3099649459165995e-01,-1.1269410541801158e+03,9.9994483539565965e+02,-1.1270032248671058e+00,-1.7657888081789517e+00,6.3878558331184565e-01
74,9.9998771108134997e+02,9.9993624189372963e+02,-4.4071614457041730e-01,-1.1276070906680457e+03,9.9998771108134997e+02,-1.1276209479101427e+00,-1.7657888081789521e+00,6.3816786026880945e-01
75,9.9999999999999989e+02,9.9999593024581145e+02,-4.4313412177382261e-01,-1.1281621391976255e+03,9.9999999999999989e+02,-1.1281621391976255e+00,-1.7657888081789515e+00,6.3762666898132614e-01
76,1.0000127650080776e+03,9.9999593024581145e+02,-4.4641367739322046e-01,-1.1285649937232233e+03,1.0000127650080776e+03,-1.1285505877658546e+00,-1.7657888081789519e+00,6.3723822041309752e-01
77,1.0000082869075959e+03,9.9999593024581145e+02,-4.4611337263277950e-01,-1.1289232017460522e+03,1.0000082869075959e+03,-1.1289138465413222e+00,-1.7657888081789519e+00,6.3687496163763013e-01
78,9.9987290536023181e+02,9.9999593024581145e+02,-4.2016479260148248e-01,-1.1291414988693246e+03,9.9987290536023181e+02,-1.1292850249427653e+00,-1.7657888081789519e+00,6.3650378323618662e-01
79,9.9994056920485673e+02,9.9999593024581145e+02,-4.3495266997210930e-01,-1.1290042367005342e+03,9.9994056920485673e+02,-1.1290713383079434e+00,-1.7657888081789521e+00,6.3671746987100841e-01
80,1.0000000000000000e+03,9.9994247436747492e+02,-4.3631616980848958e-01,-1.1285550325531317e+03,1.0000000000000000e+03,-1.1285550325531317e+00,-1.7657888081789519e+00,6.3723377562582006e-01
81,9.9997615771257756e+02,9.9994247436747492e+02,-4.3257023010676937e-01,-1.1288094263656255e+03,9.9997615771257756e+02,-1.1288363404061064e+00,-1.7657888081789519e+00,6.3695246777284553e-01
82,9.9996044275074087e+02,9.9994247436747492e+02,-4.3115744351236462e-01,-1.1287105777722659e+03,9.9996044275074087e+02,-1.1287552282241813e+00,-1.7657888081789523e+00,6.3703357995477072e-01
83,1.0000690964516828e+03,9.9994247436747492e+02,-4.5365288961979056e-01,-1.1295090168235679e+03,1.0000690964516828e+03,-1.1294309771506261e+00,-1.7657888081789519e+00,6.3635783102832577e-01
84,1.0000591922744613e+03,9.9994247436747492e+02,-4.5317446145267337e-01,-1.1294768021006885e+03,1.0000591922744613e+03,-1.1294099497569630e+00,-1.7657888081789519e+00,6.3637885842198882e-01
85,1.0000000000000000e+03,1.0000157034073550e+03,-4.4550211782348820e-01,-1.1293679144363964e+03,1.0000000000000000e+03,-1.1293679144363964e+00,-1.7657888081789519e+00,6.3642089374255550e-01
86,1.0000945770898919e+03,1.0000157034073550e+03,-4.6531331462975384e-01,-1.1294222861083867e+03,1.0000945770898919e+03,-1.1293154787368380e+00,-1.7657888081789521e+00,6.3647332944211399e-01
87,9.9991960389972360e+02,1.0000157034073550e+03,-4.3137266890743853e-01,-1.1294360375513256e+03,9.9991960389972360e+02,-1.1295268471049904e+00,-1.7657888081789519e+00,6.3626196107396149e-01
88,9.9990483513475738e+02,1.0000157034073550e+03,-4.2927427148420727e-01,-1.1291973950467520e+03,9.9990483513475738e+02,-1.1293048651920659e+00,-1.7657888081789519e+00,6.3648394298688593e-01
89,9.9999440427728598e+02,1.0000157034073550e+03,-4.4817406746999555e-01,-1.1291344437485736e+03,9.9999440427728598e+02,-1.1291407621071836e+00,-1.7657888081789517e+00,6.3664804607176828e-01
90,9.9999999999999989e+02,1.0000250904404306e+03,-4.5507277660682771e-01,-1.1295088184449023e+03,9.9999999999999989e+02,-1.1295088184449023e+00,-1.7657888081789515e+00,6.3627998973404942e-01
91,9.9996213539925725e+02,1.0000250904404306e+03,-4.4840017633908524e-01,-1.1295022561970270e+03,9.9996213539925725e+02,-1.1295450259684563e+00,-1.7657888081789517e+00,6.3624378221049560e-01
92,9.9995350589947930e+02,1.0000250904404306e+03,-4.4758486111551210e-01,-1.1297888667205318e+03,9.9995350589947930e+02,-1.1298413976800479e+00,-1.7657888081789517e+00,6.3594741049890380e-01
93,1.0000081512683225e+03,1.0000250904404306e+03,-4.5931616645904472e-01,-1.1298491680955981e+03,1.0000081512683225e+03,-1.1298399584669352e+00,-1.7657888081789521e+00,6.3594884971201704e-01
94,9.9994784474462665e+02,1.0000250904404306e+03,-4.4822107877655437e-01,-1.1299422492446438e+03,9.9994784474462665e+02,-1.1300011847450064e+00,-1.7657888081789519e+00,6.3578762343394535e-01
95,1.0000000000000000e+03,9.9998860208022802e+02,-4.5723286358151199e-01,-1.1301590795320299e+03,1.0000000000000000e+03,-1.1301590795320300e+00,-1.7657888081789519e+00,6.3562972864692235e-01
96,9.9985444874271161e+02,9.9998860208022802e+02,-4.2914402632525234e-01,-1.1305700018107325e+03,9.9985444874271161e+02,-1.1307345816507512e+00,-1.7657888081789519e+00,6.3505422652820054e-01
97,9.9992272920870641e+02,9.9998860208022802e+02,-4.4357140875544232e-01,-1.1307806770305040e+03,9.9992272920870641e+02,-1.1308680601003567e+00,-1.7657888081789519e+00,6.3492074807859522e-01
98,9.9984347104129802e+02,9.9998860208022802e+02,-4.2866413534861297e-01,-1.1306828991360526e+03,9.9984347104129802e+02,-1.1308599114604314e+00,-1.7657888081789521e+00,6.3492889671852060e-01
99,9.9993413195135349e+02,9.9998860208022802e+02,-4.4770327226783557e-01,-1.1310152699927676e+03,9.9993413195135349e+02,-1.1310897726689373e+00,-1.7657888081789517e+00,6.3469903551001439e-01
100,1.0000000000000001e+03,9.9988513741441659e+02,-4.3885453752015430e-01,-1.1311682529909376e+03,1.0000000000000001e+03,-1.1311682529909375e+00,-1.7657888081789519e+00,6.3462055518801441e-01
101,9.9998083978110765e+02,9.9988513741441659e+02,-4.3617871983141510e-01,-1.1310911630299315e+03,9.9998083978110765e+02,-1.1311128353994497e+00,-1.7657888081789521e+00,6.3467597277950238e-01
102,1.0000270338894672e+03,9.9988513741441659e+02,-4.4629238632446760e-01,-1.1314772256094436e+03,1.0000270338894672e+03,-1.1314466382060884e+00,-1.7657888081789519e+00,6.3434216997286352e-01
103,1.0000751171673251e+03,9.9988513741441659e+02,-4.5705127337888579e-01,-1.1317632703166141e+03,1.0000751171673251e+03,-1.1316782618512606e+00,-1.7657888081789521e+00,6.3411054632769159e-01
104,1.0000453807992569e+03,9.9988513741441659e+02,-4.5233055264388483e-01,-1.1315640470112323e+03,1.0000453807992569e+03,-1.1315126980606249e+00,-1.7657888081789521e+00,6.3427611011832696e-01
105,1.0000000000000000e+03,9.9993984850554637e+02,-4.3259188468946547e-01,-1.1314844500770366e+03,1.0000000000000000e+03,-1.1314844500770367e+00,-1.7657888081789515e+00,6.3430435810191510e-01
106,1.0000185519130860e+03,9.9993984850554637e+02,-4.3809396142723778e-01,-1.1319724604950497e+03,1.0000185519130860e+03,-1.1319514606299346e+00,-1.7657888081789519e+00,6.3383734754901744e-01
107,1.0000323104059744e+03,9.9993984850554637e+02,-4.4255606418229115e-01,-1.1324411116899296e+03,1.0000323104059744e+03,-1.1324045232400564e+00,-1.7657888081789519e+00,6.3338428493889531e-01
108,1.0000725592950050e+03,9.9993984850554637e+02,-4.5158959100285129e-01,-1.1330107700878657e+03,1.0000725592950050e+03,-1.1329285655898556e+00,-1.7657888081789517e+00,6.3286024258909634e-01
109,9.9992343148042755e+02,9.9993984850554637e+02,-4.2334777358836723e-01,-1.1330919413679408e+03,9.9992343148042755e+02,-1.1331787071839610e+00,-1.7657888081789523e+00,6.3261010099499115e-01
110,1.0000000000000000e+03,1.0000914287798637e+03,-4.5786999424073321e-01,-1.1330157384983083e+03,1.0000000000000000e+03,-1.1330157384983084e+00,-1.7657888081789519e+00,6.3277306968064340e-01
111,9.9999817465471881e+02,1.0000914287798637e+03,-4.5866700413491046e-01,-1.1328450942956831e+03,9.9999817465471881e+02,-1.1328471621329048e+00,-1.7657888081789521e+00,6.3294164604604719e-01
112,9.9997968794758049e+02,1.0000914287798637e+03,-4.5595535137275250e-01,-1.1327085307545999e+03,9.9997968794758049e+02,-1.1327315388569943e+00,-1.7657888081789517e+00,6.3305726932195716e-01
113,9.9986132191328579e+02,1.0000914287798637e+03,-4.3345834297158958e-01,-1.1329401717738160e+03,9.9986132191328579e+02,-1.1330973075404867e+00,-1.7657888081789521e+00,6.3269150063846502e-01
114,9.9996752619640120e+02,1.0000914287798637e+03,-4.5563953626970494e-01,-1.1330416148883623e+03,9.9996752619640120e+02,-1.1330784102541192e+00,-1.7657888081789519e+00,6.3271039792483275e-01
115,9.9999999999999989e+02,9.9986692333115820e+02,-4.3680317116988954e-01,-1.1324478919471505e+03,9.9999999999999989e+02,-1.1324478919471506e+00,-1.7657888081789515e+00,6.3334091623180122e-01
116,1.0000757201879205e+03,9.9986692333115820e+02,-4.5309973983796831e-01,-1.1325062884559943e+03,1.0000757201879205e+03,-1.1324205413597974e+00,-1.7657888081789517e+00,6.3336826681915448e-01
117,1.0001424114634026e+03,9.9986692333115820e+02,-4.6739908230349642e-01,-1.1325870440371591e+03,1.0001424114634026e+03,-1.1324257736255423e+00,-1.7657888081789521e+00,6.3336303455340959e-01
118,1.0000123197276655e+03,9.9986692333115820e+02,-4.4257665413225145e-01,-1.1326381042765911e+03,1.0000123197276655e+03,-1.1326241506555075e+00,-1.7657888081789517e+00,6.3316465752344431e-01
119,1.0000360979405555e+03,9.9986692333115820e+02,-4.4834159070902069e-01,-1.1330244293237461e+03,1.0000360979405555e+03,-1.1329835309515954e+00,-1.7657888081789519e+00,6.3280527722735624e-01
120,1.0000000000000000e+03,1.0000786473186051e+03,-4.5826656580043679e-01,-1.1330062630546968e+03,1.0000000000000000e+03,-1.1330062630546969e+00,-1.7657888081789519e+00,6.3278254512425525e-01
121,9.9996643858132529e+02,1.0000786473186051e+03,-4.5284123571472190e-01,-1.1326464380549055e+03,9.9996643858132529e+02,-1.1326844525520439e+00,-1.7657888081789519e+00,6.3310435562690803e-01
122,9.9992609036441877e+02,1.0000786473186051e+03,-4.4633692256635538e-01,-1.1319659394306946e+03,9.9992609036441877e+02,-1.1320496088047411e+00,-1.7657888081789517e+00,6.3373919937421075e-01
123,9.9983734473670359e+02,1.0000786473186051e+03,-4.2980727261489060e-01,-1.1318336837431466e+03,9.9983734473670359e+02,-1.1320178123984785e+00,-1.7657888081789519e+00,6.3377099578047358e-01
124,9.9994924365105533e+02,1.0000786473186051e+03,-4.5309396577569760e-01,-1.1321591238773517e+03,9.9994924365105533e+02,-1.1322165910577284e+00,-1.7657888081789519e+00,6.3357221712122358e-01
125,1.0000000000000000e+03,9.9982335740199483e+02,-4.2935545886569626e-01,-1.1324971111367236e+03,1.0000000000000000e+03,-1.1324971111367237e+00,-1.7657888081789519e+00,6.3329169704222843e-01
126,9.9999851624098039e+02,9.9982335740199483e+02,-4.3054790539945326e-01,-1.1328547048188525e+03,9.9999851624098039e+02,-1.1328563857047327e+00,-1.7657888081789517e+00,6.3293242247421910e-01
127,1.0001117712689997e+03,9.9982335740199483e+02,-4.5423880154170981e-01,-1.1326118340783783e+03,1.0001117712689997e+03,-1.1324852547643298e+00,-1.7657888081789521e+00,6.3330355341462230e-01
128,1.0000338396602207e+03,9.9982335740199483e+02,-4.3995536545558067e-01,-1.1327765429613146e+03,1.0000338396602207e+03,-1.1327382114851190e+00,-1.7657888081789515e+00,6.3305059669383257e-01
129,1.0001283382591223e+03,9.9982335740199483e+02,-4.5986817426512572e-01,-1.1326367484242580e+03,1.0001283382591223e+03,-1.1324914064486835e+00,-1.7657888081789519e+00,6.3329740173026827e-01
130,1.0000000000000000e+03,1.0000736365878026e+03,-4.5003705909174047e-01,-1.1327399449364600e+03,1.0000000000000000e+03,-1.1327399449364601e+00,-1.7657888081789519e+00,6.3304886324249199e-01
131,1.0000274806577172e+03,1.0000736365878026e+03,-4.5654884745591712e-01,-1.1326549117776913e+03,1.0000274806577172e+03,-1.1326237865310913e+00,-1.7657888081789519e+00,6.3316502164786082e-01
132,1.0000876771238020e+03,1.0000736365878026e+03,-4.6965728753398039e-01,-1.1324892353453042e+03,1.0000876771238020e+03,-1.1323899506514088e+00,-1.7657888081789519e+00,6.3339885752754299e-01
133,9.9997553342795675e+02,1.0000736365878026e+03,-4.4846452140085297e-01,-1.1326903953759559e+03,9.9997553342795675e+02,-1.1327181091051770e+00,-1.7657888081789517e+00,6.3307069907377489e-01
134,9.9994600032328708e+02,1.0000736365878026e+03,-4.4432561987365859e-01,-1.1324883833927597e+03,9.9994600032328708e+02,-1.1325495407018189e+00,-1.7657888081789517e+00,6.3323926747713277e-01
135,9.9999999999999989e+02,9.9994058248855117e+02,-4.4452508037342525e-01,-1.1328026544426534e+03,9.9999999999999989e+02,-1.1328026544426535e+00,-1.7657888081789515e+00,6.3298615373629830e-01
136,1.0000560423181676e+03,9.9994058248855117e+02,-4.5696949592648423e-01,-1.1326018541033998e+03,1.0000560423181676e+03,-1.1325383840269452e+00,-1.7657888081789521e+00,6.3325042415200661e-01
137,1.0000191610914790e+03,9.9994058248855117e+02,-4.5063430468217514e-01,-1.1325974745147510e+03,1.0000191610914790e+03,-1.1325757731267552e+00,-1.7657888081789519e+00,6.3321303505219673e-01
138,1.0000630457549422e+03,9.9994058248855117e+02,-4.6042939688520906e-01,-1.1324464654733524e+03,1.0000630457549422e+03,-1.1323750740319325e+00,-1.7657888081789519e+00,6.3341373414701940e-01
139,9.9992138621803053e+02,9.9994058248855117e+02,-4.3324938766155957e-01,-1.1327563587476225e+03,9.9992138621803053e+02,-1.1328454160101618e+00,-1.7657888081789519e+00,6.3294339216879003e-01
140,1.0000000000000000e+03,9.9995575259576162e+02,-4.4128244201496203e-01,-1.1332851283011678e+03,1.0000000000000000e+03,-1.1332851283011678e+00,-1.7657888081789517e+00,6.3250367987778422e-01
141,1.0000352428705015e+03,9.9995575259576162e+02,-4.4935401696879551e-01,-1.1333912514630806e+03,1.0000352428705015e+03,-1.1333513089096678e+00,-1.7657888081789519e+00,6.3243749926928394e-01
142,1.0000469073909237e+03,9.9995575259576162e+02,-4.5285304612297206e-01,-1.1333491542538202e+03,1.0000469073909237e+03,-1.1332959942955834e+00,-1.7657888081789517e+00,6.3249281388336831e-01
143,9.9992703947798907e+02,9.9995575259576162e+02,-4.3058233110685495e-01,-1.1332004179986786e+03,9.9992703947798907e+02,-1.1332831029254542e+00,-1.7657888081789517e+00,6.3250570525349759e-01
144,1.0000318136769891e+03,9.9995575259576162e+02,-4.5256463262238511e-01,-1.1336888037206932e+03,1.0000318136769891e+03,-1.1336527380586667e+00,-1.7657888081789519e+00,6.3213607012028517e-01
145,1.0000000000000000e+03,9.9998903638242984e+02,-4.4524532472258260e-01,-1.1336286821988015e+03,1.0000000000000000e+03,-1.1336286821988015e+00,-1.7657888081789519e+00,6.3216012598015026e-01
146,1.0000738398423001e+03,9.9998903638242984e+02,-4.6124934556069824e-01,-1.1335946577484319e+03,1.0000738398423001e+03,-1.1335109594779387e+00,-1.7657888081789521e+00,6.3227784870101322e-01
147,1.0000373832152036e+03,9.9998903638242984e+02,-4.5504107367105645e-01,-1.1333211505637296e+03,1.0000373832152036e+03,-1.1332787849590258e+00,-1.7657888081789517e+00,6.3251002321992622e-01
148,1.0000204703218253e+03,9.9998903638242984e+02,-4.5299054584327836e-01,-1.1336327812871045e+03,1.0000204703218253e+03,-1.1336095759342608e+00,-1.7657888081789519e+00,6.3217923224469119e-01
149,1.0000636147286041e+03,9.9998903638242984e+02,-4.6303208867045426e-01,-1.1337508061762123e+03,1.0000636147286041e+03,-1.1336786875141820e+00,-1.7657888081789521e+00,6.3211012066477013e-01
150,9.9999999999999989e+02,9.9993404829918848e+02,-4.3869848606659789e-01,-1.1337301056478391e+03,9.9999999999999989e+02,-1.1337301056478390e+00,-1.7657888081789517e+00,6.3205870253111285e-01
151,1.0001279623589912e+03,9.9993404829918848e+02,-4.6559472314373790e-01,-1.1340240510061453e+03,1.0001279623589912e+03,-1.1338789571799741e+00,-1.7657888081789519e+00,6.3190985099897812e-01
152,1.0000234319504641e+03,9.9993404829918848e+02,-4.4661585584745150e-01,-1.1341769994229517e+03,1.0000234319504641e+03,-1.1341504240663960e+00,-1.7657888081789519e+00,6.3163838411255580e-01
153,9.9997082822824018e+02,9.9993404829918848e+02,-4.3751459483172139e-01,-1.1342737875192340e+03,9.9997082822824018e+02,-1.1343068772605631e+00,-1.7657888081789521e+00,6.3148193091838900e-01
154,1.0000289702241670e+03,9.9993404829918848e+02,-4.5064035145909492e-01,-1.1345945195901936e+03,1.0000289702241670e+03,-1.1345616510848304e+00,-1.7657888081789521e+00,6.3122715709412169e-01
155,1.0000000000000000e+03,9.9995458482142749e+02,-4.3786982096428934e-01,-1.1351351995088896e+03,1.0000000000000000e+03,-1.1351351995088896e+00,-1.7657888081789519e+00,6.3065360867006226e-01
156,1.0002277730609788e+03,9.9995458482142749e+02,-4.8440173040473039e-01,-1.1351318969978809e+03,1.0002277730609788e+03,-1.1348734034089629e+00,-1.7657888081789517e+00,6.3091540476998909e-01
157,1.0000725803513802e+03,9.9995458482142749e+02,-4.5496551239518701e-01,-1.1346556129410587e+03,1.0000725803513802e+03,-1.1345732652148028e+00,-1.7657888081789521e+00,6.3121554296414895e-01
158,1.0000216936457114e+03,9.9995458482142749e+02,-4.4647917217366240e-01,-1.1354562878864617e+03,1.0000216936457114e+03,-1.1354316562343818e+00,-1.7657888081789519e+00,6.3035715194456998e-01
159,9.9998245232214765e+02,9.9995458482142749e+02,-4.4024590078412568e-01,-1.1358314254636693e+03,9.9998245232214765e+02,-1.1358513570173703e+00,-1.7657888081789517e+00,6.2993745116158140e-01
160,1.0000000000000002e+03,1.0000071586521256e+03,-4.4770511070465990e-01,-1.1360364436363423e+03,1.0000000000000002e+03,-1.1360364436363419e+00,-1.7657888081789517e+00,6.2975236454260963e-01
161,1.0000014663425994e+03,1.0000071586521256e+03,-4.4985258543538303e-01,-1.1360167693401381e+03,1.0000014663425994e+03,-1.1360151035527983e+00,-1.7657888081789519e+00,6.2977370462615379e-01
162,9.9994741291224307e+02,1.0000071586521256e+03,-4.4097273154645295e-01,-1.1366462230054385e+03,9.9994741291224307e+02,-1.1367059990635651e+00,-1.7657888081789519e+00,6.2908280911538705e-01
163,1.0000032532709768e+03,1.0000071586521256e+03,-4.5405743394441872e-01,-1.1362334468624654e+03,1.0000032532709768e+03,-1.1362297503991954e+00,-1.7657888081789521e+00,6.2955905777975685e-01
164,1.0000739117747405e+03,1.0000071586521256e+03,-4.6981555517436696e-01,-1.1356585740365638e+03,1.0000739117747405e+03,-1.1355746416994454e+00,-1.7657888081789517e+00,6.3021416647950612e-01
165,1.0000000000000000e+03,9.9991396277472791e+02,-4.3987155712160064e-01,-1.1357071831743488e+03,1.0000000000000000e+03,-1.1357071831743488e+00,-1.7657888081789515e+00,6.3008162500460296e-01
166,1.0000462881114821e+03,9.9991396277472791e+02,-4.5303053472757759e-01,-1.1353239257078958e+03,1.0000462881114821e+03,-1.1352713761398745e+00,-1.7657888081789519e+00,6.3051743203907706e-01
167,1.0000345655080401e+03,9.9991396277472791e+02,-4.5263238432485792e-01,-1.1355943950695919e+03,1.0000345655080401e+03,-1.1355551440291309e+00,-1.7657888081789519e+00,6.3023366414982096e-01
168,1.0000676994029247e+03,9.9991396277472791e+02,-4.6078443123152174e-01,-1.1355597358100320e+03,1.0000676994029247e+03,-1.1354828642980876e+00,-1.7657888081789521e+00,6.3030594388086425e-01
169,1.0001079743634622e+03,9.9991396277472791e+02,-4.7027375820993245e-01,-1.1351265415273531e+03,1.0001079743634622e+03,-1.1350039901939850e+00,-1.7657888081789519e+00,6.3078481798496699e-01
170,1.0000000000000000e+03,9.9993941471315850e+02,-4.3843136460227755e-01,-1.1355972370887828e+03,1.0000000000000000e+03,-1.1355972370887828e+00,-1.7657888081789519e+00,6.3019157109016899e-01
171,1.0000870248000133e+03,9.9993941471315850e+02,-4.5740732791994027e-01,-1.1358933751652446e+03,1.0000870248000133e+03,-1.1357945328731651e+00,-1.7657888081789519e+00,6.2999427530578689e-01
172,1.0001576779292740e+03,9.9993941471315850e+02,-4.7307698666177356e-01,-1.1364508566056520e+03,1.0001576779292740e+03,-1.1362716916382218e+00,-1.7657888081789519e+00,6.2951711654072995e-01
173,1.0001100746997961e+03,9.9993941471315850e+02,-4.6539559725762231e-01,-1.1361967676227207e+03,1.0001100746997961e+03,-1.1360717148697597e+00,-1.7657888081789519e+00,6.2971709330919234e-01
174,1.0000493933055511e+03,9.9993941471315850e+02,-4.5475234292484012e-01,-1.1353594738417316e+03,1.0000493933055511e+03,-1.1353033974541280e+00,-1.7657888081789517e+00,6.3048541072482400e-01
175,1.0000000000000000e+03,1.0000058161709276e+03,-4.4765032329974802e-01,-1.1356343574416408e+03,1.0000000000000000e+03,-1.1356343574416408e+00,-1.7657888081789519e+00,6.3015445073731102e-01
176,1.0000098425159108e+03,1.0000058161709276e+03,-4.5185670201661221e-01,-1.1352333332940784e+03,1.0000098425159108e+03,-1.1352221598519077e+00,-1.7657888081789517e+00,6.3056664832704412e-01
177,1.0000345222386047e+03,1.0000058161709276e+03,-4.5841590936278631e-01,-1.1349339897354960e+03,1.0000345222386047e+03,-1.1348948106260524e+00,-1.7657888081789517e+00,6.3089399755289954e-01
178,1.0000366935654544e+03,1.0000058161709276e+03,-4.6046229919208653e-01,-1.1345828470553483e+03,1.0000366935654544e+03,-1.1345412166929529e+00,-1.7657888081789519e+00,6.3124759148599896e-01
179,9.9999831550983208e+02,1.0000058161709276e+03,-4.5443013353223943e-01,-1.1342897409104892e+03,9.9999831550983208e+02,-1.1342916516136239e+00,-1.7657888081789519e+00,6.3149715656532801e-01
180,1.0000000000000000e+03,9.9998127791715103e+02,-4.5286922306763427e-01,-1.1343099234546592e+03,1.0000000000000000e+03,-1.1343099234546592e+00,-1.7657888081789519e+00,6.3147888472429281e-01
181,9.9995568791250025e+02,9.9998127791715103e+02,-4.4570205587793299e-01,-1.1344939722095687e+03,9.9995568791250025e+02,-1.1345442462334800e+00,-1.7657888081789517e+00,6.3124456194547152e-01
182,9.9998066175957115e+02,9.9998127791715103e+02,-4.5221762645908675e-01,-1.1343362702246106e+03,9.9998066175957115e+02,-1.1343582067163447e+00,-1.7657888081789519e+00,6.3143060146260732e-01
183,1.0000003173678508e+03,9.9998127791715103e+02,-4.5804699289650030e-01,-1.1341537845669418e+03,1.0000003173678508e+03,-1.1341534246231069e+00,-1.7657888081789521e+00,6.3163538355584525e-01
184,9.9987786466344460e+02,9.9998127791715103e+02,-4.3524589959115201e-01,-1.1345780112271882e+03,9.9987786466344460e+02,-1.1347166002210511e+00,-1.7657888081789517e+00,6.3107220795790053e-01
185,1.0000000000000000e+03,9.9995507955354879e+02,-4.5237263793900706e-01,-1.1344072326224054e+03,1.0000000000000000e+03,-1.1344072326224055e+00,-1.7657888081789517e+00,6.3138157555654606e-01
186,9.9995605936339257e+02,9.9995507955354879e+02,-4.4510792308686420e-01,-1.1355121353382526e+03,9.9995605936339257e+02,-1.1355620326568747e+00,-1.7657888081789517e+00,6.3022677552207662e-01
187,9.9991786730355307e+02,9.9995507955354879e+02,-4.3949916105353820e-01,-1.1358637162532896e+03,9.9991786730355307e+02,-1.1359570154660177e+00,-1.7657888081789519e+00,6.2983179271293432e-01
188,9.9998314892621261e+02,9.9995507955354879e+02,-4.5411596749734345e-01,-1.1367749621963453e+03,9.9998314892621261e+02,-1.1367941183979156e+00,-1.7657888081789519e+00,6.2899468978103623e-01
189,9.9994683731732721e+02,9.9995507955354879e+02,-4.4865562007672721e-01,-1.1375019536823540e+03,9.9994683731732721e+02,-1.1375624295528168e+00,-1.7657888081789517e+00,6.2822637862613506e-01
190,1.0000000000000000e+03,9.9995091054768261e+02,-4.5136307129148218e-01,-1.1370990473492598e+03,1.0000000000000000e+03,-1.1370990473492597e+00,-1.7657888081789519e+00,6.2868976082969219e-01
191,9.9994345411748384e+02,9.9995091054768261e+02,-4.4226287592057900e-01,-1.1367893204189104e+03,9.9994345411748384e+02,-1.1368536048092861e+00,-1.7657888081789521e+00,6.2893520336966602e-01
192,9.9993240802923992e+02,9.9995091054768261e+02,-4.4199187412678814e-01,-1.1360357609276857e+03,9.9993240802923992e+02,-1.1361125530141494e+00,-1.7657888081789519e+00,6.2967625516480275e-01
193,1.0000240294362345e+03,9.9995091054768261e+02,-4.6211988233799595e-01,-1.1363049268925120e+03,1.0000240294362345e+03,-1.1362776227818308e+00,-1.7657888081789521e+00,6.2951118539712159e-01
194,9.9993925626458349e+02,9.9995091054768261e+02,-4.4675861776251391e-01,-1.1361641933671654e+03,9.9993925626458349e+02,-1.1362332124167918e+00,-1.7657888081789519e+00,6.2955559576215991e-01
195,1.0000000000000002e+03,9.9992805570875066e+02,-4.4619795177996119e-01,-1.1362525664381408e+03,1.0000000000000002e+03,-1.1362525664381407e+00,-1.7657888081789517e+00,6.2953624174081102e-01
196,1.0000434818411188e+03,9.9992805570875066e+02,-4.5658480699398968e-01,-1.1355056807543992e+03,1.0000434818411188e+03,-1.1354563090235728e+00,-1.7657888081789517e+00,6.3033249915537870e-01
197,9.9998402932304543e+02,9.9992805570875066e+02,-4.4657706596199076e-01,-1.1357627597805676e+03,9.9998402932304543e+02,-1.1357808989703961e+00,-1.7657888081789521e+00,6.3000790920855587e-01
198,1.0000608985373256e+03,9.9992805570875066e+02,-4.6363515451604431e-01,-1.1351055166209430e+03,1.0000608985373256e+03,-1.1350363945647028e+00,-1.7657888081789519e+00,6.3075241361424916e-01
199,1.0000651372316986e+03,9.9992805570875066e+02,-4.6639681739568262e-01,-1.1350740823707533e+03,1.0000651372316986e+03,-1.1350001516029005e+00,-1.7657888081789517e+00,6.3078865657605143e-01
200,1.0000000000000001e+03,1.0000012528010914e+03,-4.5568464302803102e-01,-1.1350624240110928e+03,1.0000000000000001e+03,-1.1350624240110927e+00,-1.7657888081789517e+00,6.3072638416785898e-01
201,9.9995277996370999e+02,1.0000012528010914e+03,-4.4828345012492332e-01,-1.1351850579170450e+03,9.9995277996370999e+02,-1.1352386639279535e+00,-1.7657888081789521e+00,6.3055014425099831e-01
202,9.9990495348622858e+02,1.0000012528010914e+03,-4.4068331055083348e-01,-1.1346597768916176e+03,9.9990495348622858e+02,-1.1347676325990370e+00,-1.7657888081789521e+00,6.3102117557991522e-01
203,9.9998778561063705e+02,1.0000012528010914e+03,-4.5868982108194073e-01,-1.1344317161626595e+03,9.9998778561063705e+02,-1.1344455727225959e+00,-1.7657888081789523e+00,6.3134323545635596e-01
204,9.9984571205480768e+02,1.0000012528010914e+03,-4.3217513671492686e-01,-1.1343559196262581e+03,9.9984571205480768e+02,-1.1345309640774628e+00,-1.7657888081789519e+00,6.3125784410148933e-01
205,1.0000000000000000e+03,9.9998829296950225e+02,-4.6186958100654191e-01,-1.1346221856531818e+03,1.0000000000000000e+03,-1.1346221856531817e+00,-1.7657888081789519e+00,6.3116662252577005e-01
206,9.9988167432286184e+02,9.9998829296950225e+02,-4.3996486308232458e-01,-1.1344433531950292e+03,9.9988167432286184e+02,-1.1345776028581531e+00,-1.7657888081789515e+00,6.3121120532079866e-01
207,1.0000022530890151e+03,9.9998829296950225e+02,-4.6557514030020608e-01,-1.1342441495522842e+03,1.0000022530890151e+03,-1.1342415940050083e+00,-1.7657888081789521e+00,6.3154721417394377e-01
208,9.9994995342906634e+02,9.9998829296950225e+02,-4.5648078275292936e-01,-1.1340311050774371e+03,9.9994995342906634e+02,-1.1340878622860819e+00,-1.7657888081789517e+00,6.3170094589286963e-01
209,9.9990355556468921e+02,9.9998829296950225e+02,-4.4892378944768835e-01,-1.1344983283186266e+03,9.9990355556468921e+02,-1.1346077549228495e+00,-1.7657888081789521e+00,6.3118105325610252e-01
210,1.0000000000000000e+03,9.9981791828649943e+02,-4.3392125499460760e-01,-1.1348196518541936e+03,1.0000000000000000e+03,-1.1348196518541935e+00,-1.7657888081789519e+00,6.3096915632475825e-01
211,9.9998407852927016e+02,9.9981791828649943e+02,-4.3291570869681861e-01,-1.1349115292165575e+03,9.9998407852927016e+02,-1.1349295989649477e+00,-1.7657888081789519e+00,6.3085920921400407e-01
212,1.0001253804695104e+03,9.9981791828649943e+02,-4.6285809830378233e-01,-1.1352793571814018e+03,1.0001253804695104e+03,-1.1351370331672246e+00,-1.7657888081789519e+00,6.3065177501172731e-01
213,1.0000766659868301e+03,9.9981791828649943e+02,-4.5516074160529540e-01,-1.1352120149190478e+03,1.0000766659868301e+03,-1.1351249894415565e+00,-1.7657888081789519e+00,6.3066381873739530e-01
214,1.0000773928925375e+03,9.9981791828649943e+02,-4.5680776012774715e-01,-1.1355939164869924e+03,1.0000773928925375e+03,-1.1355060363903424e+00,-1.7657888081789519e+00,6.3028277178860970e-01
215,1.0000000000000000e+03,9.9996491807657708e+02,-4.3641721401029354e-01,-1.1354882161555165e+03,1.0000000000000000e+03,-1.1354882161555164e+00,-1.7657888081789519e+00,6.3030059202343525e-01
216,1.0001207669456533e+03,9.9996491807657708e+02,-4.6215220375023702e-01,-1.1361725593535150e+03,1.0001207669456533e+03,-1.1360353638324709e+00,-1.7657888081789521e+00,6.2975344434648117e-01
217,1.0000757420724581e+03,9.9996491807657708e+02,-4.5488968876875502e-01,-1.1359737111881370e+03,1.0000757420724581e+03,-1.1358876767014241e+00,-1.7657888081789521e+00,6.2990113147752780e-01
218,9.9999858252617923e+02,9.9996491807657708e+02,-4.4110280952472242e-01,-1.1360970188825286e+03,9.9999858252617923e+02,-1.1360986292725934e+00,-1.7657888081789519e+00,6.2969017890635859e-01
219,1.0000392471327071e+03,9.9996491807657708e+02,-4.5094929656034383e-01,-1.1359443110239706e+03,1.0000392471327071e+03,-1.1358997302165168e+00,-1.7657888081789519e+00,6.2988907796243510e-01
220,1.0000000000000000e+03,9.9996152651827992e+02,-4.3726479813891411e-01,-1.1356269763639225e+03,1.0000000000000000e+03,-1.1356269763639226e+00,-1.7657888081789517e+00,6.3016183181502938e-01
221,1.0001149552179800e+03,9.9996152651827992e+02,-4.6171209665885654e-01,-1.1357671945521549e+03,1.0001149552179800e+03,-1.1356366471938308e+00,-1.7657888081789517e+00,6.3015216098512095e-01
222,1.0000731701229710e+03,9.9996152651827992e+02,-4.5567281846240143e-01,-1.1361825122311011e+03,1.0000731701229710e+03,-1.1360993836994886e+00,-1.7657888081789521e+00,6.2968942447946319e-01
223,1.0000686683235526e+03,9.9996152651827992e+02,-4.5659727959901364e-01,-1.1364999627660541e+03,1.0000686683235526e+03,-1.1364219265775077e+00,-1.7657888081789519e+00,6.2936688160144438e-01
224,1.0000436572184943e+03,9.9996152651827992e+02,-4.5378779612242703e-01,-1.1365256296701482e+03,1.0000436572184943e+03,-1.1364760142884789e+00,-1.7657888081789519e+00,6.2931279389047323e-01
225,9.9999999999999989e+02,1.0001009048126425e+03,-4.6715885556490089e-01,-1.1362824912797023e+03,9.9999999999999989e+02,-1.1362824912797023e+00,-1.7657888081789519e+00,6.2950631689924963e-01
226,9.9995143366236084e+02,1.0001009048126425e+03,-4.5879878501519211e-01,-1.1361721202137410e+03,9.9995143366236084e+02,-1.1362273026125547e+00,-1.7657888081789521e+00,6.2956150556639767e-01
227,9.9990611666686482e+02,1.0001009048126425e+03,-4.5158035436307059e-01,-1.1360496873474531e+03,9.9990611666686482e+02,-1.1361563534928818e+00,-1.7657888081789521e+00,6.2963245468607021e-01
228,9.9994833266197202e+02,1.0001009048126425e+03,-4.6172161716354498e-01,-1.1360552180407713e+03,9.9994833266197202e+02,-1.1361139180226121e+00,-1.7657888081789519e+00,6.2967489015633993e-01
229,9.9991851189202794e+02,1.0001009048126425e+03,-4.5760610519432610e-01,-1.1358832510613515e+03,9.9991851189202794e+02,-1.1359758195815912e+00,-1.7657888081789519e+00,6.2981298859736046e-01
230,1.0000000000000000e+03,9.9998831052893559e+02,-4.7292786617965055e-01,-1.1364667144274515e+03,1.0000000000000000e+03,-1.1364667144274516e+00,-1.7657888081789519e+00,6.2932209375150039e-01
231,9.9996727576222008e+02,9.9998831052893559e+02,-4.6793795032277435e-01,-1.1366025222457467e+03,9.9996727576222008e+02,-1.1366397179141461e+00,-1.7657888081789519e+00,6.2914909026480614e-01
232,9.9989239644234294e+02,9.9998831052893559e+02,-4.5465022907618724e-01,-1.1359358997143386e+03,9.9989239644234294e+02,-1.1360581436122965e+00,-1.7657888081789519e+00,6.2973066456665516e-01
233,9.9998825040475936e+02,9.9998831052893559e+02,-4.7534562348231246e-01,-1.1356692345116189e+03,9.9998825040475936e+02,-1.1356825783222362e+00,-1.7657888081789519e+00,6.3010622985671583e-01
234,9.9981986086608549e+02,9.9998831052893559e+02,-4.4346565717122471e-01,-1.1354125592529504e+03,9.9981986086608549e+02,-1.1356171283389078e+00,-1.7657888081789521e+00,6.3017167984004441e-01
235,1.0000000000000000e+03,9.9981473249917974e+02,-4.4435773580731858e-01,-1.1356092662558212e+03,1.0000000000000000e+03,-1.1356092662558213e+00,-1.7657888081789519e+00,6.3017954192313075e-01
236,1.0000013235027084e+03,9.9981473249917974e+02,-4.4629688505850190e-01,-1.1355568645806852e+03,1.0000013235027084e+03,-1.1355553616700884e+00,-1.7657888081789515e+00,6.3023344650886326e-01
237,9.9996995749159942e+02,9.9981473249917974e+02,-4.4199266863709596e-01,-1.1354167392061217e+03,9.9996995749159942e+02,-1.1354508509978511e+00,-1.7657888081789519e+00,6.3033795718110064e-01
238,1.0000701747898165e+03,9.9981473249917974e+02,-4.6336924415160874e-01,-1.1355116393974499e+03,1.0000701747898165e+03,-1.1354319606982568e+00,-1.7657888081789517e+00,6.3035684748069487e-01
239,1.0000545187804606e+03,9.9981473249917974e+02,-4.6214544296572935e-01,-1.1350307378915440e+03,1.0000545187804606e+03,-1.1349688607733939e+00,-1.7657888081789517e+00,6.3081994740555780e-01
240,9.9999999999999989e+02,9.9999156983462933e+02,-4.5128379051055062e-01,-1.1351588516299773e+03,9.9999999999999989e+02,-1.1351588516299773e+00,-1.7657888081789519e+00,6.3062995654897458e-01
241,1.0000356182169808e+03,9.9999156983462933e+02,-4.5996626831424264e-01,-1.1351426431221462e+03,1.0000356182169808e+03,-1.1351022128052353e+00,-1.7657888081789523e+00,6.3068659537371674e-01
242,9.9997846773552715e+02,9.9999156983462933e+02,-4.5072253925900940e-01,-1.1351497471414757e+03,9.9997846773552715e+02,-1.1351741900123578e+00,-1.7657888081789517e+00,6.3061461816659392e-01
243,9.9999284203324396e+02,9.9999156983462933e+02,-4.5525917129778759e-01,-1.1351327008940486e+03,9.9999284203324396e+02,-1.1351408261943459e+00,-1.7657888081789519e+00,6.3064798198460603e-01
244,9.9990529103226493e+02,9.9999156983462933e+02,-4.4031333157004021e-01,-1.1348288901950564e+03,9.9990529103226493e+02,-1.1349363788479421e+00,-1.7657888081789519e+00,6.3085242933100993e-01
245,1.0000000000000000e+03,9.9999507416036681e+02,-4.6139164010472544e-01,-1.1353152511855155e+03,1.0000000000000000e+03,-1.1353152511855156e+00,-1.7657888081789515e+00,6.3047355699343621e-01
246,1.0000172437335143e+03,9.9999507416036681e+02,-4.6615743000140319e-01,-1.1358420266005205e+03,1.0000172437335143e+03,-1.1358224407810322e+00,-1.7657888081789519e+00,6.2996636739791956e-01
247,9.9993421817788067e+02,9.9999507416036681e+02,-4.5124241460985426e-01,-1.1360022454946384e+03,9.9993421817788067e+02,-1.1360769787083658e+00,-1.7657888081789519e+00,6.2971182947058624e-01
248,9.9992594877989950e+02,9.9999507416036681e+02,-4.5146221136680559e-01,-1.1357897395031432e+03,9.9992594877989950e+02,-1.1358738523477898e+00,-1.7657888081789519e+00,6.2991495583116230e-01
249,9.9988169924395754e+02,9.9999507416036681e+02,-4.4438288565152617e-01,-1.1362627471873311e+03,9.9988169924395754e+02,-1.1363971838333431e+00,-1.7657888081789521e+00,6.2939162434560902e-01
250,1.0000000000000000e+03,9.9987253788947442e+02,-4.4602074294317401e-01,-1.1363256957996746e+03,1.0000000000000000e+03,-1.1363256957996746e+00,-1.7657888081789519e+00,6.2946311237927732e-01
251,9.9994422702500401e+02,9.9987253788947442e+02,-4.3799280055715467e-01,-1.1371254817574927e+03,9.9994422702500401e+02,-1.1371889061659222e+00,-1.7657888081789519e+00,6.2859990201302984e-01
252,9.9997535353738658e+02,9.9987253788947442e+02,-4.4637166849054633e-01,-1.1366096232854491e+03,9.9997535353738658e+02,-1.1366376373824838e+00,-1.7657888081789521e+00,6.2915117079646821e-01
253,1.0000012622989610e+03,9.9987253788947442e+02,-4.5340727769598205e-01,-1.1365437515048943e+03,1.0000012622989610e+03,-1.1365423168487088e+00,-1.7657888081789521e+00,6.2924649133024302e-01
254,9.9992654284334594e+02,9.9987253788947442e+02,-4.4099424228009998e-01,-1.1381004536631428e+03,9.9992654284334594e+02,-1.1381840614280443e+00,-1.7657888081789517e+00,6.2760474675090749e-01
255,1.0000000000000000e+03,1.0000691500700468e+03,-4.7126334438832967e-01,-1.1388675805349098e+03,1.0000000000000000e+03,-1.1388675805349098e+00,-1.7657888081789519e+00,6.2692122764404212e-01
256,9.9973243023480018e+02,1.0000691500700468e+03,-4.2617063108413084e-01,-1.1540289249089967e+03,9.9973243023480018e+02,-1.1543377908006427e+00,-1.7657888081789519e+00,6.1145101737830954e-01
257,9.9976436741093733e+02,1.0000691500700468e+03,-4.4259770231322815e-01,-1.1395846441725892e+03,9.9976436741093733e+02,-1.1398532307405000e+00,-1.7657888081789519e+00,6.2593557743845196e-01
258,9.9983402652605378e+02,1.0000691500700468e+03,-4.5842827442619122e-01,-1.1375028670997281e+03,9.9983402652605378e+02,-1.1376916937424184e+00,-1.7657888081789519e+00,6.2809711443653360e-01
259,9.9974853801533970e+02,1.0000691500700468e+03,-4.4336000331743319e-01,-1.1367351719677758e+03,9.9974853801533970e+02,-1.1370210895475541e+00,-1.7657888081789519e+00,6.2876771863139780e-01
260,1.0000000000000000e+03,9.9977916723857197e+02,-4.5170035528582780e-01,-1.1365602411261898e+03,1.0000000000000000e+03,-1.1365602411261899e+00,-1.7657888081789519e+00,6.2922856705276209e-01
261,9.9986836928414698e+02,9.9977916723857197e+02,-4.2899417860500200e-01,-1.1396513000303962e+03,9.9986836928414698e+02,-1.1398013328957755e+00,-1.7657888081789517e+00,6.2598747528317622e-01
262,1.0000454659377526e+03,9.9977916723857197e+02,-4.6598642468006979e-01,-1.1386314068836293e+03,1.0000454659377526e+03,-1.1385796402925774e+00,-1.7657888081789519e+00,6.2720916788637460e-01
263,1.0000082889552077e+03,9.9977916723857197e+02,-4.6039819503473067e-01,-1.1362747108532578e+03,1.0000082889552077e+03,-1.1362652924011452e+00,-1.7657888081789521e+00,6.2952351577780696e-01
264,9.9999696717964923e+02,9.9977916723857197e+02,-4.5993510422546846e-01,-1.1369978162552857e+03,9.9999696717964923e+02,-1.1370012645758596e+00,-1.7657888081789521e+00,6.2878754360309208e-01
265,9.9999999999999989e+02,9.9994790535805600e+02,-4.5197302735296591e-01,-1.1360725627044444e+03,9.9999999999999989e+02,-1.1360725627044443e+00,-1.7657888081789519e+00,6.2971624547450755e-01
266,9.9999057824869465e+02,9.9994790535805600e+02,-4.5202612977287043e-01,-1.1357351554085446e+03,9.9999057824869465e+02,-1.1357458561235469e+00,-1.7657888081789517e+00,6.3004295205540461e-01
267,1.0000065777832757e+03,9.9994790535805600e+02,-4.5734257044937510e-01,-1.1354398140384803e+03,1.0000065777832757e+03,-1.1354323454105881e+00,-1.7657888081789519e+00,6.3035646276836399e-01
268,9.9997098867201885e+02,9.9994790535805600e+02,-4.5233697766470810e-01,-1.1356774476644584e+03,9.9997098867201885e+02,-1.1357103961312522e+00,-1.7657888081789517e+00,6.3007841204769965e-01
269,9.9991771846239340e+02,9.9994790535805600e+02,-4.4416813686807166e-01,-1.1366465648993776e+03,9.9991771846239340e+02,-1.1367400976224691e+00,-1.7657888081789517e+00,6.2904871055648270e-01
270,1.0000000000000001e+03,9.9990537804555936e+02,-4.4383487455627924e-01,-1.1368682515925061e+03,1.0000000000000001e+03,-1.1368682515925059e+00,-1.7657888081789517e+00,6.2892055658644574e-01
271,1.0001010701458508e+03,9.9990537804555936e+02,-4.6626168059875467e-01,-1.1371955930360966e+03,1.0001010701458508e+03,-1.1370806681271248e+00,-1.7657888081789517e+00,6.2870814005182685e-01
272,1.0001027014268257e+03,9.9990537804555936e+02,-4.6818170826090860e-01,-1.1366886494079179e+03,1.0001027014268257e+03,-1.1365719218498540e+00,-1.7657888081789519e+00,6.2921688632909778e-01
273,1.0000725669580399e+03,9.9990537804555936e+02,-4.6402756465930106e-01,-1.1365583613828499e+03,1.0000725669580399e+03,-1.1364758907845700e+00,-1.7657888081789519e+00,6.2931291739438167e-01
274,1.0000604823905148e+03,9.9990537804555936e+02,-4.6310902695806833e-01,-1.1372626652730141e+03,1.0000604823905148e+03,-1.1371938850683663e+00,-1.7657888081789517e+00,6.2859492311058551e-01
275,1.0000000000000000e+03,1.0000040396266440e+03,-4.5428449323944792e-01,-1.1366064817500037e+03,1.0000000000000000e+03,-1.1366064817500037e+00,-1.7657888081789519e+00,6.2918232642894834e-01
276,9.9992379077301575e+02,1.0000040396266440e+03,-4.4171366896154540e-01,-1.1370009343022557e+03,9.9992379077301575e+02,-1.1370875908685691e+00,-1.7657888081789519e+00,6.2870121731038286e-01
277,9.9996426757939116e+02,1.0000040396266440e+03,-4.5192141472777309e-01,-1.1369886716334588e+03,9.9996426757939116e+02,-1.1370293004426666e+00,-1.7657888081789519e+00,6.2875950773628508e-01
278,9.9992740713134208e+02,1.0000040396266440e+03,-4.4679549862509182e-01,-1.1365052814364290e+03,9.9992740713134208e+02,-1.1365877896045580e+00,-1.7657888081789519e+00,6.2920101857439414e-01
279,1.0000211482775776e+03,1.0000040396266440e+03,-4.6904775776152091e-01,-1.1360403591720406e+03,1.0000211482775776e+03,-1.1360163343832683e+00,-1.7657888081789517e+00,6.2977247379568368e-01
280,1.0000000000000001e+03,1.0000215227549719e+03,-4.7093298063093808e-01,-1.1364219514051265e+03,1.0000000000000001e+03,-1.1364219514051264e+00,-1.7657888081789517e+00,6.2936685677382509e-01
281,9.9976564396821323e+02,1.0000215227549719e+03,-4.2648767493889944e-01,-1.1352449093445055e+03,9.9976564396821323e+02,-1.1355110232019532e+00,-1.7657888081789521e+00,6.3027778497699882e-01
282,9.9989373628874750e+02,1.0000215227549719e+03,-4.5383344678730808e-01,-1.1354602882883407e+03,9.9989373628874750e+02,-1.1355809593355075e+00,-1.7657888081789519e+00,6.3020784884344450e-01
283,9.9986877402323921e+02,1.0000215227549719e+03,-4.5124471537030947e-01,-1.1352941744109917e+03,9.9986877402323921e+02,-1.1354431740505628e+00,-1.7657888081789519e+00,6.3034563412838884e-01
284,9.9975214567295507e+02,1.0000215227549719e+03,-4.3097338104065491e-01,-1.1350533087970039e+03,9.9975214567295507e+02,-1.1353347064166335e+00,-1.7657888081789519e+00,6.3045410176231831e-01
285,1.0000000000000000e+03,9.9981430328783267e+02,-4.4619724695188556e-01,-1.1350074113789992e+03,1.0000000000000000e+03,-1.1350074113789992e+00,-1.7657888081789519e+00,6.3078139679995238e-01
286,9.9999758807147646e+02,9.9981430328783267e+02,-4.4818183695796049e-01,-1.1360987702512425e+03,9.9999758807147646e+02,-1.1361015104468810e+00,-1.7657888081789517e+00,6.2968729773207055e-01
287,1.0000106723810400e+03,9.9981430328783267e+02,-4.5301426634868641e-01,-1.1360175676279384e+03,1.0000106723810400e+03,-1.1360054437449794e+00,-1.7657888081789519e+00,6.2978336443397254e-01
288,9.9996626799043270e+02,9.9981430328783267e+02,-4.4615582370891615e-01,-1.1358848474191120e+03,9.9996626799043270e+02,-1.1359231643901611e+00,-1.7657888081789521e+00,6.2986564378879106e-01
289,9.9998879082424594e+02,9.9981430328783267e+02,-4.5255895536034035e-01,-1.1354826910996974e+03,9.9998879082424594e+02,-1.1354954190674178e+00,-1.7657888081789521e+00,6.3029338911153432e-01
290,1.0000000000000000e+03,9.9998450318200128e+02,-4.5394413640173309e-01,-1.1359541035150914e+03,1.0000000000000000e+03,-1.1359541035150915e+00,-1.7657888081789519e+00,6.2983470466386027e-01
291,1.0000120286972121e+03,9.9998450318200128e+02,-4.5851800559567307e-01,-1.1363433021879816e+03,1.0000120286972121e+03,-1.1363296336228856e+00,-1.7657888081789519e+00,6.2945917455606626e-01
292,9.9997137530828252e+02,9.9998450318200128e+02,-4.5276109740881398e-01,-1.1359698488317956e+03,9.9997137530828252e+02,-1.1360023665493284e+00,-1.7657888081789517e+00,6.2978644162962349e-01
293,9.9995997276660296e+02,9.9998450318200128e+02,-4.5263357070124782e-01,-1.1364144777453080e+03,9.9995997276660296e+02,-1.1364599670936573e+00,-1.7657888081789521e+00,6.2932884108529474e-01
294,1.0000062294378454e+03,9.9998450318200128e+02,-4.6362834105916578e-01,-1.1358912949108746e+03,1.0000062294378454e+03,-1.1358842189907328e+00,-1.7657888081789517e+00,6.2990458918821879e-01
295,1.0000000000000000e+03,9.9997510382726261e+02,-4.5924130368230770e-01,-1.1364889612432175e+03,1.0000000000000000e+03,-1.1364889612432176e+00,-1.7657888081789519e+00,6.2929984693573449e-01
296,9.9998919369707664e+02,9.9997510382726261e+02,-4.5984497197043406e-01,-1.1358057043723975e+03,9.9998919369707664e+02,-1.1358179783655373e+00,-1.7657888081789517e+00,6.2997082981341412e-01
297,9.9992599676978853e+02,9.9997510382726261e+02,-4.4900613966314235e-01,-1.1364797899570997e+03,9.9992599676978853e+02,-1.1365638993569938e+00,-1.7657888081789521e+00,6.2922490882195825e-01
298,9.9992827999470671e+02,9.9997510382726261e+02,-4.5187679365895628e-01,-1.1364987622987278e+03,9.9992827999470671e+02,-1.1365802778422709e+00,-1.7657888081789517e+00,6.2920853033668078e-01
299,9.9979377491189962e+02,9.9997510382726261e+02,-4.2820597914360614e-01,-1.1362235580374329e+03,9.9979377491189962e+02,-1.1364579241729680e+00,-1.7657888081789517e+00,6.2933088400598403e-01
300,1.0000000000000000e+03,9.9983448267567849e+02,-4.3823167682757730e-01,-1.1363382445169350e+03,1.0000000000000000e+03,-1.1363382445169350e+00,-1.7657888081789517e+00,6.2945056366201657e-01
301,9.9993244483354556e+02,9.9983448267567849e+02,-4.2714688703682246e-01,-1.1358721905789341e+03,9.9993244483354556e+02,-1.1359489297979704e+00,-1.7657888081789519e+00,6.2983987838098165e-01
302,1.0000181577878668e+03,9.9983448267567849e+02,-4.4580938915362678e-01,-1.1360663679685294e+03,1.0000181577878668e+03,-1.1360457398909773e+00,-1.7657888081789519e+00,6.2974306828797455e-01
303,1.0000283169747554e+03,9.9983448267567849e+02,-4.4998540513342961e-01,-1.1358453143918616e+03,1.0000283169747554e+03,-1.1358131515995209e+00,-1.7657888081789519e+00,6.2997565657943089e-01
304,9.9998739008585449e+02,9.9983448267567849e+02,-4.4376774397790608e-01,-1.1354159825257245e+03,9.9998739008585449e+02,-1.1354303002043282e+00,-1.7657888081789517e+00,6.3035850797462345e-01
305,1.0000000000000000e+03,9.9997744215620730e+02,-4.4363036725174432e-01,-1.1351981999472609e+03,1.0000000000000000e+03,-1.1351981999472609e+00,-1.7657888081789519e+00,6.3059060823169089e-01
306,1.0000245034244874e+03,9.9997744215620730e+02,-4.5005363512610747e-01,-1.1356847722484742e+03,1.0000245034244874e+03,-1.1356569447642846e+00,-1.7657888081789519e+00,6.3013186341466754e-01
307,1.0000635800690835e+03,9.9997744215620730e+02,-4.5966034031722980e-01,-1.1358531370197215e+03,1.0000635800690835e+03,-1.1357809239901104e+00,-1.7657888081789517e+00,6.3000788418884124e-01
308,9.9994433923649967e+02,9.9997744215620730e+02,-4.3852461443233631e-01,-1.1358320286041610e+03,9.9994433923649967e+02,-1.1358952534012217e+00,-1.7657888081789519e+00,6.2989355477773035e-01
309,9.9996291042317614e+02,9.9997744215620730e+02,-4.4454028088926456e-01,-1.1363871034450442e+03,9.9996291042317614e+02,-1.1364292531251330e+00,-1.7657888081789519e+00,6.2935955505381902e-01
310,1.0000000000000000e+03,9.9999650984305072e+02,-4.5300170177578220e-01,-1.1360417335466489e+03,1.0000000000000000e+03,-1.1360417335466488e+00,-1.7657888081789517e+00,6.2974707463230295e-01
311,9.9996530828535924e+02,9.9999650984305072e+02,-4.4781843782086278e-01,-1.1352530940957267e+03,9.9996530828535924e+02,-1.1352924793384538e+00,-1.7657888081789517e+00,6.3049632884049800e-01
312,9.9998515596427364e+02,9.9999650984305072e+02,-4.5348990898040975e-01,-1.1357693245662410e+03,9.9998515596427364e+02,-1.1357861842169370e+00,-1.7657888081789519e+00,6.3000262396201501e-01
313,9.9999177517711087e+02,9.9999650984305072e+02,-4.5634437559282043e-01,-1.1363022041284389e+03,9.9999177517711087e+02,-1.1363115500896852e+00,-1.7657888081789519e+00,6.2947725808926658e-01
314,9.9999458059066217e+02,9.9999650984305072e+02,-4.5905263222175674e-01,-1.1366210329514872e+03,9.9999458059066217e+02,-1.1366271927995095e+00,-1.7657888081789519e+00,6.2916161537944237e-01
315,1.0000000000000000e+03,9.9997338007801341e+02,-4.5678227051677656e-01,-1.1363382519923616e+03,1.0000000000000000e+03,-1.1363382519923617e+00,-1.7657888081789519e+00,6.2945055618659040e-01
316,9.9987921882826140e+02,9.9997338007801341e+02,-4.3447916671498782e-01,-1.1361525296777113e+03,9.9987921882826140e+02,-1.1362897720878187e+00,-1.7657888081789521e+00,6.2949903609113333e-01
317,9.9996775374109257e+02,9.9997338007801341e+02,-4.5395424762624487e-01,-1.1369286977999159e+03,9.9996775374109257e+02,-1.1369653606793051e+00,-1.7657888081789517e+00,6.2882344749964658e-01
318,9.9992504622692582e+02,9.9997338007801341e+02,-4.4749617825334514e-01,-1.1363418742817098e+03,9.9992504622692582e+02,-1.1364270537772141e+00,-1.7657888081789521e+00,6.2936175440173792e-01
319,9.9999252312099588e+02,9.9997338007801341e+02,-4.6241791950580285e-01,-1.1362085422758910e+03,9.9999252312099588e+02,-1.1362170376332037e+00,-1.7657888081789517e+00,6.2957177054574798e-01
320,9.9999999999999989e+02,9.9994653495416924e+02,-4.5485315912492752e-01,-1.1361037864125040e+03,9.9999999999999989e+02,-1.1361037864125039e+00,-1.7657888081789517e+00,6.2968502176644781e-01
321,9.9995995837643272e+02,9.9994653495416924e+02,-4.4837668292655664e-01,-1.1362603915494728e+03,9.9995995837643272e+02,-1.1363058910822208e+00,-1.7657888081789517e+00,6.2948291709673088e-01
322,9.9999342961930392e+02,9.9994653495416924e+02,-4.5684928603480779e-01,-1.1369917016084312e+03,9.9999342961930392e+02,-1.1369991721258432e+00,-1.7657888081789517e+00,6.2878963605310878e-01
323,9.9997045836242887e+02,9.9994653495416924e+02,-4.5426799182745792e-01,-1.1376343655611954e+03,9.9997045836242887e+02,-1.1376679741361637e+00,-1.7657888081789519e+00,6.2812083404278818e-01
324,9.9996797057733443e+02,9.9994653495416924e+02,-4.5575674825885482e-01,-1.1375903007343732e+03,9.9996797057733443e+02,-1.1376267382620087e+00,-1.7657888081789517e+00,6.2816206991694312e-01
325,1.0000000000000000e+03,9.9994111822088234e+02,-4.5217248516257053e-01,-1.1366018928509529e+03,1.0000000000000000e+03,-1.1366018928509529e+00,-1.7657888081789519e+00,6.2918691532799886e-01
326,9.9997336836264992e+02,9.9994111822088234e+02,-4.4966067385815672e-01,-1.1363136192424336e+03,9.9997336836264992e+02,-1.1363438819406022e+00,-1.7657888081789517e+00,6.2944492623834958e-01
327,9.9995923569511285e+02,9.9994111822088234e+02,-4.4852342098066589e-01,-1.1362953586678868e+03,9.9995923569511285e+02,-1.1363416808466209e+00,-1.7657888081789519e+00,6.2944712733233121e-01
328,1.0000287995462684e+03,9.9994111822088234e+02,-4.6410788897291450e-01,-1.1358724652684077e+03,1.0000287995462684e+03,-1.1358397535988705e+00,-1.7657888081789517e+00,6.2994905458008155e-01
329,9.9992093983175255e+02,9.9994111822088234e+02,-4.4431293714632092e-01,-1.1356698460779139e+03,9.9992093983175255e+02,-1.1357596394260956e+00,-1.7657888081789519e+00,6.3002916875285642e-01
330,1.0000000000000001e+03,9.9989368197177077e+02,-4.4106758344001440e-01,-1.1347762386811946e+03,1.0000000000000001e+03,-1.1347762386811944e+00,-1.7657888081789517e+00,6.3101256949775741e-01
331,1.0000829089073217e+03,9.9989368197177077e+02,-4.5923886584815637e-01,-1.1348949387927312e+03,1.0000829089073217e+03,-1.1348008536939238e+00,-1.7657888081789523e+00,6.3098795448502820e-01
332,9.9998215902811694e+02,9.9989368197177077e+02,-4.4173982079057411e-01,-1.1351871233917045e+03,9.9998215902811694e+02,-1.1352073765945918e+00,-1.7657888081789519e+00,6.3058143158435997e-01
333,9.9993239596865703e+02,9.9989368197177077e+02,-4.3418953143684330e-01,-1.1357559646481959e+03,9.9993239596865703e+02,-1.1358327515211299e+00,-1.7657888081789519e+00,6.2995605665782162e-01
334,9.9993088714418172e+02,9.9989368197177077e+02,-4.3610564501716437e-01,-1.1362851806056760e+03,9.9993088714418172e+02,-1.1363637179474717e+00,-1.7657888081789521e+00,6.2942509023148019e-01
335,1.0000000000000000e+03,1.0001089831559940e+03,-4.7334662709893555e-01,-1.1366358787717236e+03,1.0000000000000000e+03,-1.1366358787717237e+00,-1.7657888081789519e+00,6.2915292940722845e-01
336,9.9988910327597614e+02,1.0001089831559940e+03,-4.5289783878801820e-01,-1.1369931075327831e+03,9.9988910327597614e+02,-1.1371192103280332e+00,-1.7657888081789519e+00,6.2866959785091847e-01
337,9.9983229540667628e+02,1.0001089831559940e+03,-4.4323504682639658e-01,-1.1369930603341918e+03,9.9983229540667628e+02,-1.1371837712760882e+00,-1.7657888081789521e+00,6.2860503690286407e-01
338,9.9985190206006791e+02,1.0001089831559940e+03,-4.4871445226030887e-01,-1.1363441712592276e+03,9.9985190206006791e+02,-1.1365124864171730e+00,-1.7657888081789519e+00,6.2927632176177906e-01
339,9.9980738213455834e+02,1.0001089831559940e+03,-4.4156208810420322e-01,-1.1366411753414088e+03,9.9980738213455834e+02,-1.1368601549177548e+00,-1.7657888081789521e+00,6.2892865326119751e-01
340,1.0000000000000000e+03,9.9988313901823267e+02,-4.5834347938352654e-01,-1.1368219993736434e+03,1.0000000000000000e+03,-1.1368219993736435e+00,-1.7657888081789519e+00,6.2896680880530864e-01
341,1.0000163103218463e+03,9.9988313901823267e+02,-4.6309163694670569e-01,-1.1377112759763636e+03,1.0000163103218463e+03,-1.1376927198419409e+00,-1.7657888081789523e+00,6.2809608833701147e-01
342,9.9994761253204842e+02,9.9988313901823267e+02,-4.5135007245687081e-01,-1.1375001924306621e+03,9.9994761253204842e+02,-1.1375597863075102e+00,-1.7657888081789517e+00,6.2822902187144158e-01
343,9.9994920449974654e+02,9.9988313901823267e+02,-4.5385199269416471e-01,-1.1376081592234182e+03,9.9994920449974654e+02,-1.1376659475343445e+00,-1.7657888081789519e+00,6.2812286064460732e-01
344,9.9986250534446719e+02,9.9988313901823267e+02,-4.3832148665377352e-01,-1.1394048782339478e+03,9.9986250534446719e+02,-1.1395615618583539e+00,-1.7657888081789521e+00,6.2622724632059812e-01
345,1.0000000000000000e+03,9.9986981043737671e+02,-4.4185814094830383e-01,-1.1419125467533461e+03,1.0000000000000000e+03,-1.1419125467533462e+00,-1.7657888081789519e+00,6.2387626142560593e-01
346,1.0001280323692387e+03,9.9986981043737671e+02,-4.6940740010732795e-01,-1.1418323122977949e+03,1.0001280323692387e+03,-1.1416861395164257e+00,-1.7657888081789517e+00,6.2410266866252617e-01
347,1.0000714726853527e+03,9.9986981043737671e+02,-4.5985349848652296e-01,-1.1389714460240853e+03,1.0000714726853527e+03,-1.1388900464941409e+00,-1.7657888081789521e+00,6.2689876168481096e-01
348,1.0001088595323366e+03,9.9986981043737671e+02,-4.6913849502466382e-01,-1.1378749487221276e+03,1.0001088595323366e+03,-1.1377510936701551e+00,-1.7657888081789517e+00,6.2803771450879675e-01
349,9.9995122846113100e+02,9.9986981043737671e+02,-4.3989134564262183e-01,-1.1370928693078581e+03,9.9995122846113100e+02,-1.1371483297818239e+00,-1.7657888081789517e+00,6.2864047839712789e-01
350,1.0000000000000000e+03,9.9990684239354823e+02,-4.3304955066591072e-01,-1.1376563511789896e+03,1.0000000000000000e+03,-1.1376563511789897e+00,-1.7657888081789519e+00,6.2813245699996245e-01
351,9.9999518929776968e+02,9.9990684239354823e+02,-4.3444392581275099e-01,-1.1381592031066803e+03,9.9999518929776968e+02,-1.1381646784780375e+00,-1.7657888081789519e+00,6.2762412970091441e-01
352,1.0000398995609130e+03,9.9990684239354823e+02,-4.4583070297090427e-01,-1.1374799057935554e+03,1.0000398995609130e+03,-1.1374345226555342e+00,-1.7657888081789519e+00,6.2835428552341777e-01
353,1.0000402876710718e+03,9.9990684239354823e+02,-4.4793062523708355e-01,-1.1389817097846496e+03,1.0000402876710718e+03,-1.1389358247127719e+00,-1.7657888081789519e+00,6.2685298346618024e-01
354,1.0000627284166330e+03,9.9990684239354823e+02,-4.5451779826851768e-01,-1.1386655022636821e+03,1.0000627284166330e+03,-1.1385940800598522e+00,-1.7657888081789517e+00,6.2719472811909960e-01
355,9.9999999999999989e+02,1.0000677436127680e+03,-4.5760481520816232e-01,-1.1391333445054629e+03,9.9999999999999989e+02,-1.1391333445054630e+00,-1.7657888081789517e+00,6.2665546367348901e-01
356,9.9993224174426223e+02,1.0000677436127680e+03,-4.4649284846849163e-01,-1.1395559565916647e+03,9.9993224174426223e+02,-1.1396331761478613e+00,-1.7657888081789521e+00,6.2615563203109059e-01
357,9.9988704161728879e+02,1.0000677436127680e+03,-4.3975942815771130e-01,-1.1377393438007900e+03,9.9988704161728879e+02,-1.1378678755157472e+00,-1.7657888081789517e+00,6.2792093266320459e-01
358,9.9995879842236934e+02,1.0000677436127680e+03,-4.5594751943235556e-01,-1.1375658284539495e+03,9.9995879842236934e+02,-1.1376126998919178e+00,-1.7657888081789519e+00,6.2817610828703396e-01
359,9.9989343633743397e+02,1.0000677436127680e+03,-4.4481125420707396e-01,-1.1386311073842112e+03,9.9989343633743397e+02,-1.1387524570167871e+00,-1.7657888081789519e+00,6.2703635116216505e-01
360,1.0000000000000000e+03,9.9990322170642810e+02,-4.4890998379290048e-01,-1.1404183962689838e+03,1.0000000000000000e+03,-1.1404183962689838e+00,-1.7657888081789519e+00,6.2537041190996800e-01
361,1.0000186113473072e+03,9.9990322170642810e+02,-4.5475156517709120e-01,-1.1431460748807453e+03,1.0000186113473072e+03,-1.1431247997880811e+00,-1.7657888081789521e+00,6.2266400839087110e-01
362,1.0000055742467302e+03,9.9990322170642810e+02,-4.5429120550019370e-01,-1.1403115575915331e+03,1.0000055742467302e+03,-1.1403052012489934e+00,-1.7657888081789517e+00,6.2548360692995852e-01
363,1.0000335740526200e+03,9.9990322170642810e+02,-4.6181672910619231e-01,-1.1397377384688732e+03,1.0000335740526200e+03,-1.1396994741387576e+00,-1.7657888081789519e+00,6.2608933404019418e-01
364,9.9996525653526658e+02,9.9990322170642810e+02,-4.5027147098226689e-01,-1.1394229050963638e+03,9.9996525653526658e+02,-1.1394624939713383e+00,-1.7657888081789517e+00,6.2632631420761364e-01
365,1.0000000000000000e+03,9.9994594830952201e+02,-4.4843269793677704e-01,-1.1373022607605460e+03,1.0000000000000000e+03,-1.1373022607605461e+00,-1.7657888081789519e+00,6.2848654741840593e-01
366,1.0000764707073290e+03,9.9994594830952201e+02,-4.6525770531693955e-01,-1.1363769507422858e+03,1.0000764707073290e+03,-1.1362900578378319e+00,-1.7657888081789515e+00,6.2949875034111968e-01
367,9.9993978781970475e+02,9.9994594830952201e+02,-4.3979999924061552e-01,-1.1354620167738772e+03,9.9993978781970475e+02,-1.1355303895344226e+00,-1.7657888081789519e+00,6.3025841864452914e-01
368,1.0000371323318320e+03,9.9994594830952201e+02,-4.6147297918754676e-01,-1.1353115518177992e+03,1.0000371323318320e+03,-1.1352693966178453e+00,-1.7657888081789521e+00,6.3051941156110658e-01
369,9.9993577076168481e+02,9.9994594830952201e+02,-4.4337551890792143e-01,-1.1349511569750357e+03,9.9993577076168481e+02,-1.1350240587057958e+00,-1.7657888081789521e+00,6.3076474947315619e-01
370,1.0000000000000000e+03,9.9998687180026559e+02,-4.5513511177299393e-01,-1.1345049707729436e+03,1.0000000000000000e+03,-1.1345049707729435e+00,-1.7657888081789519e+00,6.3128383740600835e-01
371,9.9995155742218037e+02,9.9998687180026559e+02,-4.4711853654024508e-01,-1.1345326262768090e+03,9.9995155742218037e+02,-1.1345875886243639e+00,-1.7657888081789517e+00,6.3120121955458763e-01
372,9.9990681090439261e+02,9.9998687180026559e+02,-4.4025983477649283e-01,-1.1349252898879467e+03,9.9990681090439261e+02,-1.1350310624061386e+00,-1.7657888081789517e+00,6.3075774577281318e-01
373,9.9995379831134164e+02,9.9998687180026559e+02,-4.5164505864038096e-01,-1.1349627560549093e+03,9.9995379831134164e+02,-1.1350151956736023e+00,-1.7657888081789519e+00,6.3077361250534947e-01
374,9.9989965058737675e+02,9.9998687180026559e+02,-4.4290092848488011e-01,-1.1350331616678468e+03,9.9989965058737675e+02,-1.1351470730098643e+00,-1.7657888081789519e+00,6.3064173516908772e-01
375,1.0000000000000000e+03,9.9994289221222277e+02,-4.5354933070780296e-01,-1.1349929377898072e+03,1.0000000000000000e+03,-1.1349929377898071e+00,-1.7657888081789519e+00,6.3079587038914475e-01
376,9.9993836737166146e+02,9.9994289221222277e+02,-4.4319478529746392e-01,-1.1351062076848762e+03,9.9993836737166146e+02,-1.1351761715759576e+00,-1.7657888081789521e+00,6.3061263660299449e-01
377,9.9981440239208177e+02,9.9994289221222277e+02,-4.2052866567274783e-01,-1.1351740347861191e+03,9.9981440239208177e+02,-1.1353847594815456e+00,-1.7657888081789519e+00,6.3040404869740629e-01
378,1.0000322353343126e+03,9.9994289221222277e+02,-4.6559310066843662e-01,-1.1351470777047825e+03,1.0000322353343126e+03,-1.1351104870387512e+00,-1.7657888081789519e+00,6.3067832114020084e-01
379,9.9995963568898401e+02,9.9994289221222277e+02,-4.5315171133885462e-01,-1.1350688719789400e+03,9.9995963568898401e+02,-1.1351146901013300e+00,-1.7657888081789521e+00,6.3067411807762186e-01
380,1.0000000000000000e+03,9.9994574885481268e+02,-4.5207601703828487e-01,-1.1351133670825902e+03,1.0000000000000000e+03,-1.1351133670825904e+00,-1.7657888081789517e+00,6.3067544109636164e-01
381,1.0000412835394164e+03,9.9994574885481268e+02,-4.6237820952187036e-01,-1.1349271538136802e+03,1.0000412835394164e+03,-1.1348803019380023e+00,-1.7657888081789517e+00,6.3090850624094974e-01
382,9.9998329518302273e+02,9.9994574885481268e+02,-4.5312511846280451e-01,-1.1350584156774055e+03,9.9998329518302273e+02,-1.1350773769372422e+00,-1.7657888081789519e+00,6.3071143124170959e-01
383,9.9995128073839862e+02,9.9994574885481268e+02,-4.4903401540872606e-01,-1.1349666857292939e+03,9.9995128073839862e+02,-1.1350219831622150e+00,-1.7657888081789519e+00,6.3076682501673709e-01
384,9.9997036438100452e+02,9.9994574885481268e+02,-4.5521529079737838e-01,-1.1355364950668009e+03,9.9997036438100452e+02,-1.1355701483910612e+00,-1.7657888081789519e+00,6.3021865978789093e-01
385,9.9999999999999989e+02,9.9996205863854175e+02,-4.5542747931444372e-01,-1.1359428807395157e+03,9.9999999999999989e+02,-1.1359428807395158e+00,-1.7657888081789517e+00,6.2984592743943613e-01
386,1.0000264232608133e+03,9.9996205863854175e+02,-4.6274016203683610e-01,-1.1355050884404534e+03,1.0000264232608133e+03,-1.1354750854861226e+00,-1.7657888081789523e+00,6.3031372269282948e-01
387,9.9997042951389358e+02,9.9996205863854175e+02,-4.5370391269413468e-01,-1.1356862457881307e+03,9.9997042951389358e+02,-1.1357198295755719e+00,-1.7657888081789517e+00,6.3006897860337985e-01
388,9.9990037544719235e+02,9.9996205863854175e+02,-4.4238886260053067e-01,-1.1353596206809520e+03,9.9990037544719235e+02,-1.1354727416450638e+00,-1.7657888081789521e+00,6.3031606653388828e-01
389,9.9992175142564042e+02,9.9996205863854175e+02,-4.4891102812446870e-01,-1.1353618232690278e+03,9.9992175142564042e+02,-1.1354506706652630e+00,-1.7657888081789517e+00,6.3033813751368872e-01
390,1.0000000000000000e+03,9.9995234906352346e+02,-4.5670145755273850e-01,-1.1350451785569785e+03,1.0000000000000000e+03,-1.1350451785569786e+00,-1.7657888081789519e+00,6.3074362962197350e-01
391,9.9997078239160328e+02,9.9995234906352346e+02,-4.5276741805435355e-01,-1.1347365874648001e+03,9.9997078239160328e+02,-1.1347697427227634e+00,-1.7657888081789523e+00,6.3101906545618869e-01
392,9.9995920094673806e+02,9.9995234906352346e+02,-4.5235204511042137e-01,-1.1342606004687179e+03,9.9995920094673806e+02,-1.1343068791154944e+00,-1.7657888081789517e+00,6.3148192906345735e-01
393,9.9996887564193685e+02,9.9995234906352346e+02,-4.5647384128449009e-01,-1.1342979848152258e+03,9.9996887564193685e+02,-1.1343332902107133e+00,-1.7657888081789521e+00,6.3145551796823851e-01
394,9.9991231354777892e+02,9.9995234906352346e+02,-4.4750206344333004e-01,-1.1344976129626430e+03,9.9991231354777892e+02,-1.1345971017571965e+00,-1.7657888081789521e+00,6.3119170642175559e-01
395,1.0000000000000001e+03,9.9998677361219984e+02,-4.6383107535796070e-01,-1.1339620515789532e+03,1.0000000000000001e+03,-1.1339620515789530e+00,-1.7657888081789517e+00,6.3182675659999876e-01
396,9.9987649229215390e+02,9.9998677361219984e+02,-4.4112570194082423e-01,-1.1339572760874398e+03,9.9987649229215390e+02,-1.1340973458511003e+00,-1.7657888081789519e+00,6.3169146232785134e-01
397,9.9984288962723031e+02,9.9998677361219984e+02,-4.3631413691222304e-01,-1.1335293269401834e+03,9.9984288962723031e+02,-1.1337074441393438e+00,-1.7657888081789517e+00,6.3208136403960768e-01
398,9.9984993040859968e+02,9.9998677361219984e+02,-4.3970647664658258e-01,-1.1332104741176186e+03,9.9984993040859968e+02,-1.1333805600751701e+00,-1.7657888081789517e+00,6.3240824810378171e-01
399,9.9976843458903477e+02,9.9998677361219984e+02,-4.2581674869891767e-01,-1.1337407845161435e+03,9.9976843458903477e+02,-1.1340033804749792e+00,-1.7657888081789523e+00,6.3178542770397272e-01
400,1.0000000000000000e+03,9.9987023977152921e+02,-4.4787865427804879e-01,-1.1338889620306836e+03,1.0000000000000000e+03,-1.1338889620306836e+00,-1.7657888081789519e+00,6.3189984614826822e-01
401,9.9997893264994104e+02,9.9987023977152921e+02,-4.4564854755506617e-01,-1.1339575268590097e+03,9.9997893264994104e+02,-1.1339814168424787e+00,-1.7657888081789519e+00,6.3180739133647335e-01
402,1.0000437648563051e+03,9.9987023977152921e+02,-4.6038767654531565e-01,-1.1337085109831810e+03,1.0000437648563051e+03,-1.1336588965644738e+00,-1.7657888081789517e+00,6.3212991161447796e-01
403,9.9996642457446035e+02,9.9987023977152921e+02,-4.4694365438291184e-01,-1.1335201326722986e+03,9.9996642457446035e+02,-1.1335581923709814e+00,-1.7657888081789521e+00,6.3223061580797069e-01
404,9.9995566974108942e+02,9.9987023977152921e+02,-4.4654533479301045e-01,-1.1338317546400949e+03,9.9995566974108942e+02,-1.1338820199236121e+00,-1.7657888081789517e+00,6.3190678825533964e-01
405,9.9999999999999989e+02,9.9998203828352212e+02,-4.5343722023681304e-01,-1.1339764857578334e+03,9.9999999999999989e+02,-1.1339764857578334e+00,-1.7657888081789517e+00,6.3181232242111807e-01
406,1.0000206190358130e+03,9.9998203828352212e+02,-4.5903939165743507e-01,-1.1338344031035417e+03,1.0000206190358130e+03,-1.1338110250134119e+00,-1.7657888081789519e+00,6.3197778316553999e-01
407,9.9995857773321040e+02,9.9998203828352212e+02,-4.4845436341136902e-01,-1.1344161319874606e+03,9.9995857773321040e+02,-1.1344631240216467e+00,-1.7657888081789519e+00,6.3132568415730506e-01
408,1.0000021247650075e+03,9.9998203828352212e+02,-4.5881720249399038e-01,-1.1343733040890722e+03,1.0000021247650075e+03,-1.1343708938174917e+00,-1.7657888081789519e+00,6.3141791436146044e-01
409,9.9987530235310328e+02,9.9998203828352212e+02,-4.3638980857159054e-01,-1.1345198961029223e+03,9.9987530235310328e+02,-1.1346613857077448e+00,-1.7657888081789521e+00,6.3112742247120723e-01
410,1.0000000000000001e+03,9.9997864570969307e+02,-4.5872714942998200e-01,-1.1348080085772301e+03,1.0000000000000001e+03,-1.1348080085772299e+00,-1.7657888081789517e+00,6.3098079960172171e-01
411,9.9992440098353859e+02,9.9997864570969307e+02,-4.4600188661355555e-01,-1.1349898077048510e+03,9.9992440098353859e+02,-1.1350756183052044e+00,-1.7657888081789521e+00,6.3071318987374747e-01
412,9.9989989887283082e+02,9.9997864570969307e+02,-4.4323466323949634e-01,-1.1351920178296830e+03,9.9989989887283082e+02,-1.1353056632062515e+00,-1.7657888081789521e+00,6.3048314497270064e-01
413,9.9991670155454653e+02,9.9997864570969307e+02,-4.4824608294733997e-01,-1.1357230468802832e+03,9.9991670155454653e+02,-1.1358176587255737e+00,-1.7657888081789519e+00,6.2997114945337840e-01
414,9.9988670888437343e+02,9.9997864570969307e+02,-4.4406962851138548e-01,-1.1359284467879759e+03,9.9988670888437343e+02,-1.1360571519701381e+00,-1.7657888081789519e+00,6.2973165620881377e-01
415,1.0000000000000000e+03,9.9992375148239898e+02,-4.5314589947214157e-01,-1.1356272716716876e+03,1.0000000000000000e+03,-1.1356272716716875e+00,-1.7657888081789517e+00,6.3016153650726436e-01
416,9.9995556051040876e+02,9.9992375148239898e+02,-4.4617341224434082e-01,-1.1363071315139309e+03,9.9995556051040876e+02,-1.1363576306670309e+00,-1.7657888081789519e+00,6.2943117751192090e-01
417,9.9995267161964182e+02,9.9992375148239898e+02,-4.4777612655353949e-01,-1.1366332798972671e+03,9.9995267161964182e+02,-1.1366870774556173e+00,-1.7657888081789519e+00,6.2910173072333486e-01
418,9.9998497882775371e+02,9.9992375148239898e+02,-4.5617351153537589e-01,-1.1361586157059196e+03,9.9998497882775371e+02,-1.1361756823965470e+00,-1.7657888081789521e+00,6.2961312578240525e-01
419,9.9994954321246246e+02,9.9992375148239898e+02,-4.5095625531283812e-01,-1.1354530121655966e+03,9.9994954321246246e+02,-1.1355103063678718e+00,-1.7657888081789517e+00,6.3027850181108003e-01
420,1.0000000000000000e+03,9.9996764021538138e+02,-4.5653688494455619e-01,-1.1349491755188128e+03,1.0000000000000000e+03,-1.1349491755188128e+00,-1.7657888081789517e+00,6.3083963266013898e-01
421,9.9991413426046086e+02,9.9996764021538138e+02,-4.4141288693284092e-01,-1.1350411005722026e+03,9.9991413426046086e+02,-1.1351385700850025e+00,-1.7657888081789521e+00,6.3065023809394938e-01
422,9.9998199829608939e+02,9.9996764021538138e+02,-4.5682147362271519e-01,-1.1351027078738434e+03,9.9998199829608939e+02,-1.1351231420245482e+00,-1.7657888081789519e+00,6.3066566615440367e-01
423,1.0000285024744239e+03,9.9996764021538138e+02,-4.6755601586917955e-01,-1.1352062915836161e+03,1.0000285024744239e+03,-1.1351739363175295e+00,-1.7657888081789519e+00,6.3061487186142218e-01
424,9.9989795909777467e+02,9.9996764021538138e+02,-4.4322836653351805e-01,-1.1350082573959101e+03,9.9989795909777467e+02,-1.1351240864818324e+00,-1.7657888081789519e+00,6.3066472169711929e-01
425,1.0000000000000001e+03,1.0000108540940843e+03,-4.6781461364405652e-01,-1.1351258876803818e+03,1.0000000000000001e+03,-1.1351258876803816e+00,-1.7657888081789519e+00,6.3066292049857009e-01
426,9.9992070254580983e+02,1.0000108540940843e+03,-4.5372602392547839e-01,-1.1350721270501786e+03,9.9992070254580983e+02,-1.1351621425181733e+00,-1.7657888081789519e+00,6.3062666566077874e-01
427,9.9992925345275034e+02,1.0000108540940843e+03,-4.5772215706182745e-01,-1.1345388193918152e+03,9.9992925345275034e+02,-1.1346190897748605e+00,-1.7657888081789521e+00,6.3116971840409175e-01
428,1.0000077445413926e+03,1.0000108540940843e+03,-4.7547353445467966e-01,-1.1348640726460426e+03,1.0000077445413926e+03,-1.1348552837123234e+00,-1.7657888081789521e+00,6.3093352446662854e-01
429,9.9990693580713446e+02,1.0000108540940843e+03,-4.5749390159044923e-01,-1.1340362476342689e+03,9.9990693580713446e+02,-1.1341417956250739e+00,-1.7657888081789519e+00,6.3164701255387823e-01
430,1.0000000000000000e+03,9.9983437965776841e+02,-4.4488418326606455e-01,-1.1340342042544949e+03,1.0000000000000000e+03,-1.1340342042544949e+00,-1.7657888081789517e+00,6.3175460392445704e-01
431,1.0000174916098545e+03,9.9983437965776841e+02,-4.5011288783962811e-01,-1.1346014940989198e+03,1.0000174916098545e+03,-1.1345816484393774e+00,-1.7657888081789521e+00,6.3120715973957453e-01
432,1.0000868984506944e+03,9.9983437965776841e+02,-4.6593605696190454e-01,-1.1344976704175745e+03,1.0000868984506944e+03,-1.1343990928939329e+00,-1.7657888081789519e+00,6.3138971528501897e-01
433,9.9999627271697591e+02,9.9983437965776841e+02,-4.4954941701789147e-01,-1.1337219942973741e+03,9.9999627271697591e+02,-1.1337262200158680e+00,-1.7657888081789521e+00,6.3206258816308414e-01
434,9.9999900014335617e+02,9.9983437965776841e+02,-4.5210454309296522e-01,-1.1339340807683129e+03,9.9999900014335617e+02,-1.1339352145409709e+00,-1.7657888081789519e+00,6.3185359363798088e-01
435,1.0000000000000002e+03,1.0000071699937581e+03,-4.5559891396729324e-01,-1.1344405793704113e+03,1.0000000000000002e+03,-1.1344405793704111e+00,-1.7657888081789519e+00,6.3134822880854080e-01
436,9.9997513809735847e+02,1.0000071699937581e+03,-4.5267050945964538e-01,-1.1343904324591890e+03,9.9997513809735847e+02,-1.1344186362648787e+00,-1.7657888081789521e+00,6.3137017191407352e-01
437,9.9998515167704613e+02,1.0000071699937581e+03,-4.5643427068560394e-01,-1.1343263777436948e+03,9.9998515167704613e+02,-1.1343432208381783e+00,-1.7657888081789519e+00,6.3144558734077361e-01
438,1.0000485663027391e+03,1.0000071699937581e+03,-4.7067104202850030e-01,-1.1343337285652324e+03,1.0000485663027391e+03,-1.1342786408453704e+00,-1.7657888081789517e+00,6.3151016733358134e-01
439,9.9998659826002586e+02,1.0000071699937581e+03,-4.5973886299574124e-01,-1.1347923826697227e+03,9.9998659826002586e+02,-1.1348075910659789e+00,-1.7657888081789521e+00,6.3098121711297306e-01
440,9.9999999999999977e+02,1.0000524104856136e+03,-4.7441574478313447e-01,-1.1348418418135427e+03,9.9999999999999977e+02,-1.1348418418135431e+00,-1.7657888081789519e+00,6.3094696636540903e-01
441,9.9987604830845271e+02,1.0000524104856136e+03,-4.5153683003844231e-01,-1.1339848597168975e+03,9.9987604830845271e+02,-1.1341254364831763e+00,-1.7657888081789517e+00,6.3166337169577569e-01
442,9.9984792523892042e+02,1.0000524104856136e+03,-4.4766785355098843e-01,-1.1336762210291940e+03,9.9984792523892042e+02,-1.1338486507918637e+00,-1.7657888081789517e+00,6.3194015738708820e-01
443,9.9982416277800348e+02,1.0000524104856136e+03,-4.4478610562933685e-01,-1.1335432313548686e+03,9.9982416277800348e+02,-1.1337425855015624e+00,-1.7657888081789521e+00,6.3204622267738986e-01
444,9.9976796140632200e+02,1.0000524104856136e+03,-4.3548644320416663e-01,-1.1335148065832525e+03,9.9976796140632200e+02,-1.1337778868096511e+00,-1.7657888081789517e+00,6.3201092136930059e-01
445,1.0000000000000000e+03,9.9988290518418478e+02,-4.6009974584160757e-01,-1.1342786250294951e+03,1.0000000000000000e+03,-1.1342786250294952e+00,-1.7657888081789519e+00,6.3151018314945695e-01
446,9.9991230936799275e+02,9.9988290518418478e+02,-4.4439385644743884e-01,-1.1343153196070284e+03,9.9991230936799275e+02,-1.1344147971575496e+00,-1.7657888081789521e+00,6.3137401102140267e-01
447,9.9986995181502016e+02,9.9988290518418478e+02,-4.3873716067609236e-01,-1.1350048526096807e+03,9.9986995181502016e+02,-1.1351524771290067e+00,-1.7657888081789521e+00,6.3063633104994532e-01
448,9.9994504280401134e+02,9.9988290518418478e+02,-4.5516479537447951e-01,-1.1355577956027009e+03,9.9994504280401134e+02,-1.1356202061049365e+00,-1.7657888081789519e+00,6.3016860207401537e-01
449,1.0000213624424068e+03,9.9988290518418478e+02,-4.7213562441248674e-01,-1.1350710816813889e+03,1.0000213624424068e+03,-1.1350468343087619e+00,-1.7657888081789521e+00,6.3074197387019015e-01
450,1.0000000000000000e+03,9.9990491343033273e+02,-4.5089457191836413e-01,-1.1353261082390504e+03,1.0000000000000000e+03,-1.1353261082390504e+00,-1.7657888081789519e+00,6.3046269993990134e-01
451,9.9999047918667850e+02,9.9990491343033273e+02,-4.5051018168208179e-01,-1.1349316470194926e+03,9.9999047918667850e+02,-1.1349424525947145e+00,-1.7657888081789519e+00,6.3084635558423763e-01
452,9.9992279245271061e+02,9.9990491343033273e+02,-4.3921038921104638e-01,-1.1347229812703422e+03,9.9992279245271061e+02,-1.1348105972131910e+00,-1.7657888081789521e+00,6.3097821096576090e-01
453,9.9989662548021920e+02,9.9990491343033273e+02,-4.3617442897360670e-01,-1.1354278401385191e+03,9.9989662548021920e+02,-1.1355452265810062e+00,-1.7657888081789517e+00,6.3024358159794569e-01
454,9.9995095000871606e+02,9.9990491343033273e+02,-4.4891007113842413e-01,-1.1355902890043749e+03,9.9995095000871606e+02,-1.1356459924304052e+00,-1.7657888081789517e+00,6.3014281574854625e-01
455,1.0000000000000000e+03,9.9995879716540662e+02,-4.5222674673814434e-01,-1.1366845327560054e+03,1.0000000000000000e+03,-1.1366845327560053e+00,-1.7657888081789519e+00,6.2910427542294656e-01
456,9.9996068496787893e+02,9.9995879716540662e+02,-4.4699044875704891e-01,-1.1361427118447166e+03,9.9996068496787893e+02,-1.1361873810880996e+00,-1.7657888081789521e+00,6.2960142709085221e-01
457,9.9997821236896084e+02,9.9995879716540662e+02,-4.5225576564128561e-01,-1.1368856389380958e+03,9.9997821236896084e+02,-1.1369104095226230e+00,-1.7657888081789521e+00,6.2887839865632866e-01
458,9.9991014684886659e+02,9.9995879716540662e+02,-4.4090467886328166e-01,-1.1379012673131444e+03,9.9991014684886659e+02,-1.1380035205154637e+00,-1.7657888081789519e+00,6.2778528766348818e-01
459,9.9996599302498350e+02,9.9995879716540662e+02,-4.5426486752328876e-01,-1.1371025848732311e+03,9.9996599302498350e+02,-1.1371412556075007e+00,-1.7657888081789517e+00,6.2864755257145100e-01
460,1.0000000000000000e+03,9.9996969225660337e+02,-4.5680457005400033e-01,-1.1373000054022677e+03,1.0000000000000000e+03,-1.1373000054022677e+00,-1.7657888081789519e+00,6.2848880277668451e-01
461,1.0000280204802425e+03,9.9996969225660337e+02,-4.6446754213996344e-01,-1.1370193307516038e+03,1.0000280204802425e+03,-1.1369874718166137e+00,-1.7657888081789519e+00,6.2880133636233793e-01
462,1.0000363609434726e+03,9.9996969225660337e+02,-4.6821602787061811e-01,-1.1367973498883632e+03,1.0000363609434726e+03,-1.1367560163671100e+00,-1.7657888081789519e+00,6.2903279181184202e-01
463,9.9997721815480099e+02,9.9996969225660337e+02,-4.5833293560896832e-01,-1.1376730015579233e+03,9.9997721815480099e+02,-1.1376989204386116e+00,-1.7657888081789519e+00,6.2808988774033991e-01
464,9.9997982560387982e+02,9.9996969225660337e+02,-4.6048713277954478e-01,-1.1374764260066222e+03,9.9997982560387982e+02,-1.1374993743695874e+00,-1.7657888081789519e+00,6.2828943380936453e-01
465,1.0000000000000000e+03,9.9998728923725196e+02,-4.6406798381469000e-01,-1.1375471608248588e+03,1.0000000000000000e+03,-1.1375471608248588e+00,-1.7657888081789519e+00,6.2824164735409305e-01
466,9.9994975002933563e+02,9.9998728923725196e+02,-4.5586519572107986e-01,-1.1370665071207345e+03,9.9994975002933563e+02,-1.1371236475506656e+00,-1.7657888081789519e+00,6.2866516062828615e-01
467,9.9996660326078359e+02,9.9998728923725196e+02,-4.6131566190239537e-01,-1.1366343355741287e+03,9.9996660326078359e+02,-1.1366722967223968e+00,-1.7657888081789519e+00,6.2911651145655512e-01
468,9.9997024633344995e+02,9.9998728923725196e+02,-4.6382216886613986e-01,-1.1356596545620932e+03,9.9997024633344995e+02,-1.1356934456061769e+00,-1.7657888081789521e+00,6.3009536257277488e-01
469,9.9983694455871409e+02,9.9998728923725196e+02,-4.3959713138515044e-01,-1.1346554921675333e+03,9.9983694455871409e+02,-1.1348405340916088e+00,-1.7657888081789517e+00,6.3094827408734278e-01
470,1.0000000000000000e+03,9.9982727428976523e+02,-4.3993947770958292e-01,-1.1345070196377283e+03,1.0000000000000000e+03,-1.1345070196377283e+00,-1.7657888081789519e+00,6.3128178854122374e-01
471,9.9996026715615210e+02,9.9982727428976523e+02,-4.3489114361062059e-01,-1.1351793177978152e+03,9.9996026715615210e+02,-1.1352244234925661e+00,-1.7657888081789515e+00,6.3056438468638554e-01
472,1.0000127964454664e+03,9.9982727428976523e+02,-4.4802011221377780e-01,-1.1353966057268683e+03,1.0000127964454664e+03,-1.1353820768720380e+00,-1.7657888081789519e+00,6.3040673130691383e-01
473,1.0000477359436933e+03,9.9982727428976523e+02,-4.5701078207140683e-01,-1.1351201601086132e+03,1.0000477359436933e+03,-1.1350659766630631e+00,-1.7657888081789519e+00,6.3072283151588848e-01
474,9.9998903395181662e+02,9.9982727428976523e+02,-4.4689202953125901e-01,-1.1347040035494888e+03,9.9998903395181662e+02,-1.1347164469047200e+00,-1.7657888081789517e+00,6.3107236127423150e-01
475,1.0000000000000000e+03,9.9996805576832196e+02,-4.4483432027356878e-01,-1.1346441412360118e+03,1.0000000000000000e+03,-1.1346441412360118e+00,-1.7657888081789519e+00,6.3114466694293991e-01
476,1.0001194897680526e+03,9.9996805576832196e+02,-4.7054359874747698e-01,-1.1345536960893164e+03,1.0001194897680526e+03,-1.1344181447283281e+00,-1.7657888081789521e+00,6.3137066345062409e-01
477,1.0000071186080501e+03,9.9996805576832196e+02,-4.5000961864015954e-01,-1.1349444429063415e+03,1.0000071186080501e+03,-1.1349363637392063e+00,-1.7657888081789519e+00,6.3085244443974553e-01
478,1.0000144056545008e+03,9.9996805576832196e+02,-4.5374971116818619e-01,-1.1354404522671111e+03,1.0000144056545008e+03,-1.1354240957398760e+00,-1.7657888081789519e+00,6.3036471243907577e-01
479,9.9996513130840037e+02,9.9996805576832196e+02,-4.4603490428008613e-01,-1.1354334751843032e+03,9.9996513130840037e+02,-1.1354730676445186e+00,-1.7657888081789517e+00,6.3031574053443340e-01
480,1.0000000000000000e+03,9.9990888481084983e+02,-4.3764606386950416e-01,-1.1358771802498782e+03,1.0000000000000000e+03,-1.1358771802498782e+00,-1.7657888081789517e+00,6.2991162792907363e-01
481,1.0000663878276637e+03,9.9990888481084983e+02,-4.5282975485291138e-01,-1.1366529431078238e+03,1.0000663878276637e+03,-1.1365774881974109e+00,-1.7657888081789519e+00,6.2921131998154090e-01
482,9.9996357637966571e+02,9.9990888481084983e+02,-4.3530800274714898e-01,-1.1353858716915834e+03,9.9996357637966571e+02,-1.1354272280618556e+00,-1.7657888081789517e+00,6.3036158011709631e-01
483,1.0001245848018684e+03,9.9990888481084983e+02,-4.6930993415544026e-01,-1.1349565821324095e+03,1.0001245848018684e+03,-1.1348152014053849e+00,-1.7657888081789521e+00,6.3097360677356673e-01
484,9.9995419152529882e+02,9.9990888481084983e+02,-4.3811934965282451e-01,-1.1357148623999190e+03,9.9995419152529882e+02,-1.1357668901487727e+00,-1.7657888081789517e+00,6.3002191803017904e-01
485,1.0000000000000000e+03,9.9996082516883075e+02,-4.4196612862481377e-01,-1.1351856560536155e+03,1.0000000000000000e+03,-1.1351856560536155e+00,-1.7657888081789519e+00,6.3060315212533635e-01
486,1.0001199746876981e+03,9.9996082516883075e+02,-4.6773326125257991e-01,-1.1353390835293808e+03,1.0001199746876981e+03,-1.1352028879174290e+00,-1.7657888081789519e+00,6.3058592026152316e-01
487,9.9999045204425579e+02,9.9996082516883075e+02,-4.4427890924258417e-01,-1.1346892263238033e+03,9.9999045204425579e+02,-1.1347000603897628e+00,-1.7657888081789517e+00,6.3108874778918911e-01
488,1.0000571879229395e+03,9.9996082516883075e+02,-4.5957080746451445e-01,-1.1340856623409122e+03,1.0000571879229395e+03,-1.1340208100462155e+00,-1.7657888081789515e+00,6.3176799813273610e-01
489,9.9995802949178210e+02,9.9996082516883075e+02,-4.4191919262181267e-01,-1.1342610441974766e+03,9.9995802949178210e+02,-1.1343086517080647e+00,-1.7657888081789515e+00,6.3148015647088696e-01
490,9.9999999999999977e+02,1.0000263734383054e+03,-4.5719611834704749e-01,-1.1340234433133869e+03,9.9999999999999977e+02,-1.1340234433133871e+00,-1.7657888081789519e+00,6.3176536486556478e-01
491,9.9999306665441100e+02,1.0000263734383054e+03,-4.5761204925901444e-01,-1.1341660252193869e+03,9.9999306665441100e+02,-1.1341738888389163e+00,-1.7657888081789521e+00,6.3161491934003555e-01
492,9.9993348643645868e+02,1.0000263734383054e+03,-4.4758484084366978e-01,-1.1333447741413138e+03,9.9993348643645868e+02,-1.1334201619552751e+00,-1.7657888081789517e+00,6.3236864622367672e-01
493,9.9982322367985898e+02,1.0000263734383054e+03,-4.2800422705627050e-01,-1.1329878012198033e+03,9.9982322367985898e+02,-1.1331881220460460e+00,-1.7657888081789519e+00,6.3260068613290588e-01
494,9.9994316716005881e+02,1.0000263734383054e+03,-4.5422146941918656e-01,-1.1330689300953820e+03,9.9994316716005881e+02,-1.1331333292805170e+00,-1.7657888081789519e+00,6.3265547889843476e-01
495,1.0000000000000000e+03,1.0000150055509610e+03,-4.7031602253260768e-01,-1.1331155825766202e+03,1.0000000000000000e+03,-1.1331155825766202e+00,-1.7657888081789519e+00,6.3267322560233163e-01
496,9.9988838341481096e+02,1.0000150055509610e+03,-4.4993993751417222e-01,-1.1331113482474259e+03,9.9988838341481096e+02,-1.1332378363849300e+00,-1.7657888081789519e+00,6.3255097179402164e-01
497,9.9988026009230612e+02,1.0000150055509610e+03,-4.5006544887239308e-01,-1.1333230829543431e+03,9.9988026009230612e+02,-1.1334588032068140e+00,-1.7657888081789519e+00,6.3233000497213809e-01
498,9.9986836054475236e+02,1.0000150055509610e+03,-4.4971875261971467e-01,-1.1338742532154347e+03,9.9986836054475236e+02,-1.1340235354558801e+00,-1.7657888081789519e+00,6.3176527272307204e-01
499,9.9976518586040788e+02,1.0000150055509610e+03,-4.3168824722602983e-01,-1.1342381284785733e+03,9.9976518586040788e+02,-1.1345045261827524e+00,-1.7657888081789521e+00,6.3128428199619979e-01
500,1.0000000000000002e+03,9.9987447345246687e+02,-4.5567393119714089e-01,-1.1345042723774409e+03,1.0000000000000002e+03,-1.1345042723774406e+00,-1.7657888081789519e+00,6.3128453580151123e-01